-- phpMyAdmin SQL Dump
-- version 5.2.0
-- https://www.phpmyadmin.net/
--
-- Host: localhost:8889
-- Generation Time: Aug 17, 2025 at 02:35 PM
-- Server version: 5.7.39
-- PHP Version: 7.4.33

SET SQL_MODE = "NO_AUTO_VALUE_ON_ZERO";
START TRANSACTION;
SET time_zone = "+00:00";


/*!40101 SET @OLD_CHARACTER_SET_CLIENT=@@CHARACTER_SET_CLIENT */;
/*!40101 SET @OLD_CHARACTER_SET_RESULTS=@@CHARACTER_SET_RESULTS */;
/*!40101 SET @OLD_COLLATION_CONNECTION=@@COLLATION_CONNECTION */;
/*!40101 SET NAMES utf8mb4 */;

--
-- Database: `laravel_12_template`
--

--
-- Dumping data for table `banks`
--

INSERT INTO `banks` (`id`, `name`, `bank_type`, `created_by_id`, `last_updated_by_id`, `created_at`, `updated_at`) VALUES
(1, 'ALADIN SYARIAH', 'Syariah', 1, NULL, NULL, NULL),
(2, 'ALLO BANK', 'Konvensional', 1, NULL, NULL, NULL),
(3, 'AMAR BANK', 'Konvensional', 1, NULL, NULL, NULL),
(4, 'BANK SAQU', 'Konvensional', 1, NULL, NULL, NULL),
(5, 'BCA', 'Konvensional', 1, NULL, NULL, NULL),
(6, 'BINA DIGITAL', 'Konvensional', 1, NULL, NULL, NULL),
(7, 'BLU', 'Konvensional', 1, NULL, NULL, NULL),
(8, 'BSI', 'Syariah', 1, NULL, NULL, NULL),
(9, 'CIMB', 'Konvensional', 1, NULL, NULL, NULL),
(10, 'CIMB SYARIAH', 'Syariah', 1, NULL, NULL, NULL),
(11, 'FINETIKS', 'Konvensional', 1, NULL, NULL, NULL),
(12, 'JAGO SYARIAH', 'Syariah', 1, NULL, NULL, NULL),
(13, 'KROM BANK', 'Konvensional', 1, NULL, NULL, NULL),
(14, 'MEGA', 'Konvensional', 1, NULL, NULL, NULL),
(15, 'MEGA SYARIAH', 'Syariah', 1, NULL, NULL, NULL),
(16, 'NEOCOMMERCE', 'Konvensional', 1, NULL, NULL, NULL),
(17, 'SEABANK', 'Konvensional', 1, NULL, NULL, NULL),
(18, 'SUPERBANK', 'Konvensional', 1, NULL, NULL, NULL);

--
-- Dumping data for table `bank_deposits`
--

INSERT INTO `bank_deposits` (`id`, `bank_id`, `per_anum`, `amount`, `tax_percentage`, `tax`, `estimation`, `time_period`, `due_date`, `status`, `realization`, `difference`, `created_by_id`, `last_updated_by_id`, `created_at`, `updated_at`) VALUES
(1, 1, 9, 34999000, 20, 52498.5, 209994, '1 Bulan', '2025-09-07', 'Aktif', NULL, NULL, 1, 1, '2025-08-16 08:03:18', '2025-08-16 09:37:27'),
(2, 13, 7.25, 10000000, 20, 12083.333333333, 48333.333333333, '1 Bulan', '2025-09-06', 'Aktif', NULL, NULL, 1, 1, '2025-08-16 08:20:43', '2025-08-16 09:36:51'),
(3, 4, 6.8, 5000000, 20, 5666.6666666667, 22666.666666667, '1 Bulan', '2025-09-03', 'Aktif', NULL, NULL, 1, 1, '2025-08-16 08:22:34', '2025-08-16 09:35:49'),
(4, 4, 6.5, 10000000, 20, 10833.333333333, 43333.333333333, '1 Bulan', '2025-09-03', 'Aktif', NULL, NULL, 1, 1, '2025-08-16 08:23:08', '2025-08-16 09:35:31'),
(5, 18, 6, 1250000, 20, 625, 2500, '14 Hari', '2025-08-20', 'Aktif', NULL, NULL, 1, 1, '2025-08-16 08:26:12', '2025-08-16 09:35:07'),
(6, 18, 6, 0, 20, 0, 0, '7 Hari', NULL, 'Tidak Aktif', NULL, 0, 1, 1, '2025-08-16 08:26:42', '2025-08-17 14:18:32'),
(7, 4, 5, 3703400, 20, 3086.1666666667, 12344.666666667, '1 Bulan', '2025-09-05', 'Aktif', NULL, NULL, 1, 1, '2025-08-16 08:27:18', '2025-08-16 09:32:44'),
(8, 11, 5, 2500000, 20, 2083.3333333333, 8333.3333333333, '1 Bulan', '2025-09-16', 'Aktif', NULL, NULL, 1, 1, '2025-08-16 08:28:23', '2025-08-16 08:28:23'),
(9, 17, 4.75, 10000000, 20, 7916.6666666667, 31666.666666667, '1 Bulan', '2025-09-04', 'Aktif', NULL, NULL, 1, 1, '2025-08-16 08:29:38', '2025-08-16 09:32:04'),
(10, 17, 4.5, 10000000, 20, 7500, 30000, '1 Bulan', '2025-09-03', 'Aktif', NULL, NULL, 1, 1, '2025-08-16 08:29:56', '2025-08-16 09:31:46'),
(11, 4, 4.25, 1000000, 20, 708.33333333333, 2833.3333333333, '1 Bulan', '2025-09-16', 'Aktif', NULL, NULL, 1, 1, '2025-08-16 08:30:52', '2025-08-16 08:30:52'),
(12, 12, 4, 30000000, 20, 20000, 80000, '1 Bulan', '2025-09-03', 'Aktif', NULL, NULL, 1, 1, '2025-08-16 08:31:18', '2025-08-16 09:27:23'),
(13, 15, 3.99, 20000000, 20, 13300, 53200, '1 Bulan', '2025-09-08', 'Aktif', NULL, NULL, 1, 1, '2025-08-16 08:31:42', '2025-08-16 09:26:08'),
(14, 8, 3, 60000000, 20, 30000, 120000, '1 Bulan', '2025-09-03', 'Aktif', NULL, NULL, 1, 1, '2025-08-16 08:32:10', '2025-08-16 09:10:21'),
(15, 10, 3, 8000000, 20, 4000, 16000, '1 Bulan', '2025-09-06', 'Aktif', NULL, NULL, 1, 1, '2025-08-16 08:32:26', '2025-08-16 09:09:14');

--
-- Dumping data for table `bank_deposit_histories`
--

INSERT INTO `bank_deposit_histories` (`id`, `bank_deposit_id`, `per_anum`, `amount`, `tax_percentage`, `tax`, `estimation`, `time_period`, `due_date`, `realization`, `difference`, `created_by_id`, `last_updated_by_id`, `created_at`, `updated_at`) VALUES
(1, 6, 6, 750000, 20, 187.5, 750, '7 Hari', '2025-08-13', 863, -113, 1, 1, '2025-08-16 01:26:42', '2025-08-16 02:34:30');

--
-- Dumping data for table `cache`
--

INSERT INTO `cache` (`key`, `value`, `expiration`) VALUES
('spatie.permission.cache', 'a:3:{s:5:\"alias\";a:8:{s:1:\"a\";s:2:\"id\";s:1:\"b\";s:4:\"name\";s:1:\"c\";s:10:\"guard_name\";s:1:\"f\";s:19:\"permission_group_id\";s:1:\"r\";s:5:\"roles\";s:1:\"j\";s:9:\"is_locked\";s:1:\"k\";s:13:\"created_by_id\";s:1:\"l\";s:18:\"last_updated_by_id\";}s:11:\"permissions\";a:80:{i:0;a:5:{s:1:\"a\";i:1;s:1:\"b\";s:6:\"Profil\";s:1:\"c\";s:3:\"web\";s:1:\"f\";i:1;s:1:\"r\";a:3:{i:0;i:1;i:1;i:2;i:2;i:4;}}i:1;a:5:{s:1:\"a\";i:2;s:1:\"b\";s:11:\"Profil Ubah\";s:1:\"c\";s:3:\"web\";s:1:\"f\";i:1;s:1:\"r\";a:3:{i:0;i:1;i:1;i:2;i:2;i:4;}}i:2;a:5:{s:1:\"a\";i:3;s:1:\"b\";s:13:\"Log Aktivitas\";s:1:\"c\";s:3:\"web\";s:1:\"f\";i:2;s:1:\"r\";a:2:{i:0;i:1;i:1;i:2;}}i:3;a:5:{s:1:\"a\";i:4;s:1:\"b\";s:20:\"Log Aktivitas Ekspor\";s:1:\"c\";s:3:\"web\";s:1:\"f\";i:2;s:1:\"r\";a:2:{i:0;i:1;i:1;i:2;}}i:4;a:5:{s:1:\"a\";i:5;s:1:\"b\";s:11:\"Log Request\";s:1:\"c\";s:3:\"web\";s:1:\"f\";i:3;s:1:\"r\";a:2:{i:0;i:1;i:1;i:2;}}i:5;a:5:{s:1:\"a\";i:6;s:1:\"b\";s:18:\"Log Request Ekspor\";s:1:\"c\";s:3:\"web\";s:1:\"f\";i:3;s:1:\"r\";a:2:{i:0;i:1;i:1;i:2;}}i:6;a:5:{s:1:\"a\";i:7;s:1:\"b\";s:4:\"Role\";s:1:\"c\";s:3:\"web\";s:1:\"f\";i:4;s:1:\"r\";a:1:{i:0;i:1;}}i:7;a:5:{s:1:\"a\";i:8;s:1:\"b\";s:11:\"Role Tambah\";s:1:\"c\";s:3:\"web\";s:1:\"f\";i:4;s:1:\"r\";a:1:{i:0;i:1;}}i:8;a:5:{s:1:\"a\";i:9;s:1:\"b\";s:16:\"Role Impor Excel\";s:1:\"c\";s:3:\"web\";s:1:\"f\";i:4;s:1:\"r\";a:1:{i:0;i:1;}}i:9;a:5:{s:1:\"a\";i:10;s:1:\"b\";s:9:\"Role Ubah\";s:1:\"c\";s:3:\"web\";s:1:\"f\";i:4;s:1:\"r\";a:1:{i:0;i:1;}}i:10;a:5:{s:1:\"a\";i:11;s:1:\"b\";s:11:\"Role Detail\";s:1:\"c\";s:3:\"web\";s:1:\"f\";i:4;s:1:\"r\";a:1:{i:0;i:1;}}i:11;a:5:{s:1:\"a\";i:12;s:1:\"b\";s:10:\"Role Hapus\";s:1:\"c\";s:3:\"web\";s:1:\"f\";i:4;s:1:\"r\";a:1:{i:0;i:1;}}i:12;a:5:{s:1:\"a\";i:13;s:1:\"b\";s:11:\"Role Ekspor\";s:1:\"c\";s:3:\"web\";s:1:\"f\";i:4;s:1:\"r\";a:2:{i:0;i:1;i:1;i:2;}}i:13;a:5:{s:1:\"a\";i:14;s:1:\"b\";s:10:\"Permission\";s:1:\"c\";s:3:\"web\";s:1:\"f\";i:5;s:1:\"r\";a:1:{i:0;i:1;}}i:14;a:5:{s:1:\"a\";i:15;s:1:\"b\";s:17:\"Permission Tambah\";s:1:\"c\";s:3:\"web\";s:1:\"f\";i:5;s:1:\"r\";a:1:{i:0;i:1;}}i:15;a:5:{s:1:\"a\";i:16;s:1:\"b\";s:22:\"Permission Impor Excel\";s:1:\"c\";s:3:\"web\";s:1:\"f\";i:5;s:1:\"r\";a:1:{i:0;i:1;}}i:16;a:5:{s:1:\"a\";i:17;s:1:\"b\";s:15:\"Permission Ubah\";s:1:\"c\";s:3:\"web\";s:1:\"f\";i:5;s:1:\"r\";a:1:{i:0;i:1;}}i:17;a:5:{s:1:\"a\";i:18;s:1:\"b\";s:17:\"Permission Detail\";s:1:\"c\";s:3:\"web\";s:1:\"f\";i:5;s:1:\"r\";a:1:{i:0;i:1;}}i:18;a:5:{s:1:\"a\";i:19;s:1:\"b\";s:16:\"Permission Hapus\";s:1:\"c\";s:3:\"web\";s:1:\"f\";i:5;s:1:\"r\";a:1:{i:0;i:1;}}i:19;a:5:{s:1:\"a\";i:20;s:1:\"b\";s:17:\"Permission Ekspor\";s:1:\"c\";s:3:\"web\";s:1:\"f\";i:5;s:1:\"r\";a:2:{i:0;i:1;i:1;i:2;}}i:20;a:5:{s:1:\"a\";i:21;s:1:\"b\";s:16:\"Group Permission\";s:1:\"c\";s:3:\"web\";s:1:\"f\";i:6;s:1:\"r\";a:1:{i:0;i:1;}}i:21;a:5:{s:1:\"a\";i:22;s:1:\"b\";s:23:\"Group Permission Tambah\";s:1:\"c\";s:3:\"web\";s:1:\"f\";i:6;s:1:\"r\";a:1:{i:0;i:1;}}i:22;a:5:{s:1:\"a\";i:23;s:1:\"b\";s:28:\"Group Permission Impor Excel\";s:1:\"c\";s:3:\"web\";s:1:\"f\";i:6;s:1:\"r\";a:1:{i:0;i:1;}}i:23;a:5:{s:1:\"a\";i:24;s:1:\"b\";s:21:\"Group Permission Ubah\";s:1:\"c\";s:3:\"web\";s:1:\"f\";i:6;s:1:\"r\";a:1:{i:0;i:1;}}i:24;a:5:{s:1:\"a\";i:25;s:1:\"b\";s:23:\"Group Permission Detail\";s:1:\"c\";s:3:\"web\";s:1:\"f\";i:6;s:1:\"r\";a:1:{i:0;i:1;}}i:25;a:5:{s:1:\"a\";i:26;s:1:\"b\";s:22:\"Group Permission Hapus\";s:1:\"c\";s:3:\"web\";s:1:\"f\";i:6;s:1:\"r\";a:1:{i:0;i:1;}}i:26;a:5:{s:1:\"a\";i:27;s:1:\"b\";s:23:\"Group Permission Ekspor\";s:1:\"c\";s:3:\"web\";s:1:\"f\";i:6;s:1:\"r\";a:2:{i:0;i:1;i:1;i:2;}}i:27;a:5:{s:1:\"a\";i:28;s:1:\"b\";s:8:\"Pengguna\";s:1:\"c\";s:3:\"web\";s:1:\"f\";i:7;s:1:\"r\";a:1:{i:0;i:1;}}i:28;a:5:{s:1:\"a\";i:29;s:1:\"b\";s:15:\"Pengguna Tambah\";s:1:\"c\";s:3:\"web\";s:1:\"f\";i:7;s:1:\"r\";a:1:{i:0;i:1;}}i:29;a:5:{s:1:\"a\";i:30;s:1:\"b\";s:20:\"Pengguna Impor Excel\";s:1:\"c\";s:3:\"web\";s:1:\"f\";i:7;s:1:\"r\";a:1:{i:0;i:1;}}i:30;a:5:{s:1:\"a\";i:31;s:1:\"b\";s:13:\"Pengguna Ubah\";s:1:\"c\";s:3:\"web\";s:1:\"f\";i:7;s:1:\"r\";a:1:{i:0;i:1;}}i:31;a:5:{s:1:\"a\";i:32;s:1:\"b\";s:15:\"Pengguna Detail\";s:1:\"c\";s:3:\"web\";s:1:\"f\";i:7;s:1:\"r\";a:1:{i:0;i:1;}}i:32;a:5:{s:1:\"a\";i:33;s:1:\"b\";s:14:\"Pengguna Hapus\";s:1:\"c\";s:3:\"web\";s:1:\"f\";i:7;s:1:\"r\";a:1:{i:0;i:1;}}i:33;a:5:{s:1:\"a\";i:34;s:1:\"b\";s:15:\"Pengguna Ekspor\";s:1:\"c\";s:3:\"web\";s:1:\"f\";i:7;s:1:\"r\";a:1:{i:0;i:1;}}i:34;a:5:{s:1:\"a\";i:35;s:1:\"b\";s:20:\"Pengguna Force Login\";s:1:\"c\";s:3:\"web\";s:1:\"f\";i:7;s:1:\"r\";a:1:{i:0;i:1;}}i:35;a:5:{s:1:\"a\";i:36;s:1:\"b\";s:15:\"Pengguna Blokir\";s:1:\"c\";s:3:\"web\";s:1:\"f\";i:7;s:1:\"r\";a:1:{i:0;i:1;}}i:36;a:5:{s:1:\"a\";i:37;s:1:\"b\";s:10:\"Pengaturan\";s:1:\"c\";s:3:\"web\";s:1:\"f\";i:8;s:1:\"r\";a:2:{i:0;i:1;i:1;i:2;}}i:37;a:5:{s:1:\"a\";i:38;s:1:\"b\";s:12:\"Reset Sistem\";s:1:\"c\";s:3:\"web\";s:1:\"f\";i:8;s:1:\"r\";a:1:{i:0;i:1;}}i:38;a:5:{s:1:\"a\";i:39;s:1:\"b\";s:14:\"Manajemen File\";s:1:\"c\";s:3:\"web\";s:1:\"f\";i:9;s:1:\"r\";a:2:{i:0;i:1;i:1;i:2;}}i:39;a:5:{s:1:\"a\";i:40;s:1:\"b\";s:6:\"Ubuntu\";s:1:\"c\";s:3:\"web\";s:1:\"f\";i:10;s:1:\"r\";a:1:{i:0;i:1;}}i:40;a:5:{s:1:\"a\";i:41;s:1:\"b\";s:15:\"Backup Database\";s:1:\"c\";s:3:\"web\";s:1:\"f\";i:11;s:1:\"r\";a:1:{i:0;i:1;}}i:41;a:5:{s:1:\"a\";i:42;s:1:\"b\";s:18:\"Laravel Log Viewer\";s:1:\"c\";s:3:\"web\";s:1:\"f\";i:12;s:1:\"r\";a:1:{i:0;i:1;}}i:42;a:5:{s:1:\"a\";i:43;s:1:\"b\";s:10:\"Notifikasi\";s:1:\"c\";s:3:\"web\";s:1:\"f\";i:13;s:1:\"r\";a:2:{i:0;i:1;i:1;i:2;}}i:43;a:5:{s:1:\"a\";i:44;s:1:\"b\";s:4:\"Menu\";s:1:\"c\";s:3:\"web\";s:1:\"f\";i:14;s:1:\"r\";a:1:{i:0;i:1;}}i:44;a:5:{s:1:\"a\";i:45;s:1:\"b\";s:11:\"Menu Tambah\";s:1:\"c\";s:3:\"web\";s:1:\"f\";i:14;s:1:\"r\";a:1:{i:0;i:1;}}i:45;a:5:{s:1:\"a\";i:46;s:1:\"b\";s:9:\"Menu Ubah\";s:1:\"c\";s:3:\"web\";s:1:\"f\";i:14;s:1:\"r\";a:1:{i:0;i:1;}}i:46;a:5:{s:1:\"a\";i:47;s:1:\"b\";s:11:\"Menu Detail\";s:1:\"c\";s:3:\"web\";s:1:\"f\";i:14;s:1:\"r\";a:1:{i:0;i:1;}}i:47;a:5:{s:1:\"a\";i:48;s:1:\"b\";s:10:\"Menu Hapus\";s:1:\"c\";s:3:\"web\";s:1:\"f\";i:14;s:1:\"r\";a:1:{i:0;i:1;}}i:48;a:5:{s:1:\"a\";i:49;s:1:\"b\";s:11:\"Menu Ekspor\";s:1:\"c\";s:3:\"web\";s:1:\"f\";i:14;s:1:\"r\";a:1:{i:0;i:1;}}i:49;a:5:{s:1:\"a\";i:50;s:1:\"b\";s:16:\"Menu Impor Excel\";s:1:\"c\";s:3:\"web\";s:1:\"f\";i:14;s:1:\"r\";a:1:{i:0;i:1;}}i:50;a:5:{s:1:\"a\";i:51;s:1:\"b\";s:9:\"Grup Menu\";s:1:\"c\";s:3:\"web\";s:1:\"f\";i:15;s:1:\"r\";a:1:{i:0;i:1;}}i:51;a:5:{s:1:\"a\";i:52;s:1:\"b\";s:16:\"Grup Menu Tambah\";s:1:\"c\";s:3:\"web\";s:1:\"f\";i:15;s:1:\"r\";a:1:{i:0;i:1;}}i:52;a:5:{s:1:\"a\";i:53;s:1:\"b\";s:14:\"Grup Menu Ubah\";s:1:\"c\";s:3:\"web\";s:1:\"f\";i:15;s:1:\"r\";a:1:{i:0;i:1;}}i:53;a:5:{s:1:\"a\";i:54;s:1:\"b\";s:16:\"Grup Menu Detail\";s:1:\"c\";s:3:\"web\";s:1:\"f\";i:15;s:1:\"r\";a:1:{i:0;i:1;}}i:54;a:5:{s:1:\"a\";i:55;s:1:\"b\";s:15:\"Grup Menu Hapus\";s:1:\"c\";s:3:\"web\";s:1:\"f\";i:15;s:1:\"r\";a:1:{i:0;i:1;}}i:55;a:5:{s:1:\"a\";i:56;s:1:\"b\";s:11:\"Contoh CRUD\";s:1:\"c\";s:3:\"web\";s:1:\"f\";i:16;s:1:\"r\";a:3:{i:0;i:1;i:1;i:2;i:2;i:4;}}i:56;a:5:{s:1:\"a\";i:57;s:1:\"b\";s:18:\"Contoh CRUD Tambah\";s:1:\"c\";s:3:\"web\";s:1:\"f\";i:16;s:1:\"r\";a:3:{i:0;i:1;i:1;i:2;i:2;i:4;}}i:57;a:5:{s:1:\"a\";i:58;s:1:\"b\";s:23:\"Contoh CRUD Impor Excel\";s:1:\"c\";s:3:\"web\";s:1:\"f\";i:16;s:1:\"r\";a:3:{i:0;i:1;i:1;i:2;i:2;i:4;}}i:58;a:5:{s:1:\"a\";i:59;s:1:\"b\";s:16:\"Contoh CRUD Ubah\";s:1:\"c\";s:3:\"web\";s:1:\"f\";i:16;s:1:\"r\";a:3:{i:0;i:1;i:1;i:2;i:2;i:4;}}i:59;a:5:{s:1:\"a\";i:60;s:1:\"b\";s:18:\"Contoh CRUD Detail\";s:1:\"c\";s:3:\"web\";s:1:\"f\";i:16;s:1:\"r\";a:3:{i:0;i:1;i:1;i:2;i:2;i:4;}}i:60;a:5:{s:1:\"a\";i:61;s:1:\"b\";s:17:\"Contoh CRUD Hapus\";s:1:\"c\";s:3:\"web\";s:1:\"f\";i:16;s:1:\"r\";a:3:{i:0;i:1;i:1;i:2;i:2;i:4;}}i:61;a:5:{s:1:\"a\";i:62;s:1:\"b\";s:18:\"Contoh CRUD Ekspor\";s:1:\"c\";s:3:\"web\";s:1:\"f\";i:16;s:1:\"r\";a:3:{i:0;i:1;i:1;i:2;i:2;i:4;}}i:62;a:5:{s:1:\"a\";i:63;s:1:\"b\";s:17:\"Contoh CRUD Yajra\";s:1:\"c\";s:3:\"web\";s:1:\"f\";i:16;s:1:\"r\";a:3:{i:0;i:1;i:1;i:2;i:2;i:4;}}i:63;a:5:{s:1:\"a\";i:64;s:1:\"b\";s:22:\"Contoh CRUD Ajax Yajra\";s:1:\"c\";s:3:\"web\";s:1:\"f\";i:16;s:1:\"r\";a:3:{i:0;i:1;i:1;i:2;i:2;i:4;}}i:64;a:5:{s:1:\"a\";i:65;s:1:\"b\";s:4:\"Bank\";s:1:\"c\";s:3:\"web\";s:1:\"f\";i:17;s:1:\"r\";a:3:{i:0;i:1;i:1;i:2;i:2;i:3;}}i:65;a:5:{s:1:\"a\";i:66;s:1:\"b\";s:11:\"Bank Tambah\";s:1:\"c\";s:3:\"web\";s:1:\"f\";i:17;s:1:\"r\";a:3:{i:0;i:1;i:1;i:2;i:2;i:3;}}i:66;a:5:{s:1:\"a\";i:67;s:1:\"b\";s:16:\"Bank Impor Excel\";s:1:\"c\";s:3:\"web\";s:1:\"f\";i:17;s:1:\"r\";a:3:{i:0;i:1;i:1;i:2;i:2;i:3;}}i:67;a:5:{s:1:\"a\";i:68;s:1:\"b\";s:9:\"Bank Ubah\";s:1:\"c\";s:3:\"web\";s:1:\"f\";i:17;s:1:\"r\";a:3:{i:0;i:1;i:1;i:2;i:2;i:3;}}i:68;a:5:{s:1:\"a\";i:69;s:1:\"b\";s:11:\"Bank Detail\";s:1:\"c\";s:3:\"web\";s:1:\"f\";i:17;s:1:\"r\";a:3:{i:0;i:1;i:1;i:2;i:2;i:3;}}i:69;a:5:{s:1:\"a\";i:70;s:1:\"b\";s:10:\"Bank Hapus\";s:1:\"c\";s:3:\"web\";s:1:\"f\";i:17;s:1:\"r\";a:3:{i:0;i:1;i:1;i:2;i:2;i:3;}}i:70;a:5:{s:1:\"a\";i:71;s:1:\"b\";s:11:\"Bank Ekspor\";s:1:\"c\";s:3:\"web\";s:1:\"f\";i:17;s:1:\"r\";a:3:{i:0;i:1;i:1;i:2;i:2;i:3;}}i:71;a:5:{s:1:\"a\";i:72;s:1:\"b\";s:13:\"Deposito Bank\";s:1:\"c\";s:3:\"web\";s:1:\"f\";i:18;s:1:\"r\";a:3:{i:0;i:1;i:1;i:2;i:2;i:3;}}i:72;a:5:{s:1:\"a\";i:73;s:1:\"b\";s:20:\"Deposito Bank Tambah\";s:1:\"c\";s:3:\"web\";s:1:\"f\";i:18;s:1:\"r\";a:3:{i:0;i:1;i:1;i:2;i:2;i:3;}}i:73;a:5:{s:1:\"a\";i:74;s:1:\"b\";s:25:\"Deposito Bank Impor Excel\";s:1:\"c\";s:3:\"web\";s:1:\"f\";i:18;s:1:\"r\";a:3:{i:0;i:1;i:1;i:2;i:2;i:3;}}i:74;a:5:{s:1:\"a\";i:75;s:1:\"b\";s:18:\"Deposito Bank Ubah\";s:1:\"c\";s:3:\"web\";s:1:\"f\";i:18;s:1:\"r\";a:3:{i:0;i:1;i:1;i:2;i:2;i:3;}}i:75;a:5:{s:1:\"a\";i:76;s:1:\"b\";s:20:\"Deposito Bank Detail\";s:1:\"c\";s:3:\"web\";s:1:\"f\";i:18;s:1:\"r\";a:3:{i:0;i:1;i:1;i:2;i:2;i:3;}}i:76;a:5:{s:1:\"a\";i:77;s:1:\"b\";s:19:\"Deposito Bank Hapus\";s:1:\"c\";s:3:\"web\";s:1:\"f\";i:18;s:1:\"r\";a:3:{i:0;i:1;i:1;i:2;i:2;i:3;}}i:77;a:5:{s:1:\"a\";i:78;s:1:\"b\";s:20:\"Deposito Bank Ekspor\";s:1:\"c\";s:3:\"web\";s:1:\"f\";i:18;s:1:\"r\";a:3:{i:0;i:1;i:1;i:2;i:2;i:3;}}i:78;a:5:{s:1:\"a\";i:79;s:1:\"b\";s:21:\"Riwayat Deposito Bank\";s:1:\"c\";s:3:\"web\";s:1:\"f\";i:19;s:1:\"r\";a:3:{i:0;i:1;i:1;i:2;i:2;i:3;}}i:79;a:5:{s:1:\"a\";i:80;s:1:\"b\";s:28:\"Riwayat Deposito Bank Ekspor\";s:1:\"c\";s:3:\"web\";s:1:\"f\";i:19;s:1:\"r\";a:3:{i:0;i:1;i:1;i:2;i:2;i:3;}}}s:5:\"roles\";a:4:{i:0;a:6:{s:1:\"a\";i:1;s:1:\"b\";s:10:\"superadmin\";s:1:\"c\";s:3:\"web\";s:1:\"j\";i:1;s:1:\"k\";i:1;s:1:\"l\";N;}i:1;a:6:{s:1:\"a\";i:2;s:1:\"b\";s:5:\"admin\";s:1:\"c\";s:3:\"web\";s:1:\"j\";i:0;s:1:\"k\";i:1;s:1:\"l\";N;}i:2;a:6:{s:1:\"a\";i:4;s:1:\"b\";s:4:\"user\";s:1:\"c\";s:3:\"web\";s:1:\"j\";i:0;s:1:\"k\";i:1;s:1:\"l\";N;}i:3;a:6:{s:1:\"a\";i:3;s:1:\"b\";s:6:\"banker\";s:1:\"c\";s:3:\"web\";s:1:\"j\";i:0;s:1:\"k\";i:1;s:1:\"l\";N;}}}', 1755526714);

--
-- Dumping data for table `crud_examples`
--

INSERT INTO `crud_examples` (`id`, `text`, `barcode`, `qr_code`, `email`, `number`, `currency`, `currency_idr`, `select`, `select2`, `select2_multiple`, `textarea`, `radio`, `checkbox`, `checkbox2`, `tags`, `file`, `image`, `date`, `time`, `color`, `summernote_simple`, `summernote`, `created_at`, `updated_at`, `created_by_id`, `last_updated_by_id`) VALUES
(1, 'o9dVXlz9WQ', 'cOHo0h5FV8', '1617759091013', 'melani.qori@gmail.com', 844, 6765, 9696588, 'Option 2', 'Option 6', '[\"Option 1\",\"Option 2\"]', 'At qui ea voluptatem eaque beatae. Doloremque officia et est esse esse.', 'Option 2', '[\"Option 1\",\"Option 2\",\"Option 3\"]', '[\"Option 1\",\"Option 2\",\"Option 3\"]', 'Option 1,Option 2,Option 3', 'https://picsum.photos/200/300?random=1', 'https://picsum.photos/200/300?random=1', '2023-11-22', '00:05:58', '#3095c9', 'Adipisci consequatur corporis eius delectus. Dolorum maiores fuga rerum ratione qui.', '<html><head><title>Sit iusto quis eius laudantium ullam mollitia beatae officiis.</title></head><body><form action=\"example.com\" method=\"POST\"><label for=\"username\">cum</label><input type=\"text\" id=\"username\"><label for=\"password\">et</label><input type=\"password\" id=\"password\"></form><div id=\"50228\"></div><div class=\"facilis\"></div><div class=\"magnam\"><b>Laboriosam aut.</b></div><div id=\"42706\"><div class=\"possimus\"></div></div></body></html>\n', '2025-07-21 00:36:04', '2025-08-08 21:07:03', NULL, NULL),
(2, 'zgB3A3P8Ua', 'obPMO5t02G', '6808699059187', 'mpermata@usamah.web.id', 369, 2803, 7656068, 'Option 3', 'Option 6', '[\"Option 1\",\"Option 2\"]', 'Qui perferendis voluptatem quisquam et itaque. Ipsum aut quas accusantium omnis quia.', 'Option 3', '[\"Option 1\",\"Option 2\",\"Option 3\"]', '[\"Option 1\"]', 'Option 1', 'https://picsum.photos/200/300?random=2', 'https://picsum.photos/200/300?random=2', '1990-03-15', '11:15:32', '#edd30d', 'Voluptatem nobis ut rerum. Sed facere ea ad sapiente culpa ea.', '<html><head><title>Vitae nihil quasi eum vel nihil tempora et perspiciatis rerum nihil harum.</title></head><body><form action=\"example.com\" method=\"POST\"><label for=\"username\">totam</label><input type=\"text\" id=\"username\"><label for=\"password\">cum</label><input type=\"password\" id=\"password\"></form><div id=\"3675\"><i>Iusto tenetur aut et temporibus ad iure alias quos libero beatae.</i><table><thead><tr><th>Est rerum voluptas quae odit.</th><th>Vel.</th><th>Sint.</th><th>Voluptatem debitis recusandae.</th><th>Alias repudiandae.</th></tr></thead><tbody><tr><td>Qui qui illo perspiciatis esse cum nulla.</td><td>Rerum ipsa.</td><td>Asperiores nisi.</td><td>Et aut tenetur accusantium assumenda dolor laudantium ipsam reiciendis ab.</td><td>Beatae minus.</td></tr><tr><td>Magni voluptas sit vel.</td><td>Aut non veritatis blanditiis animi sed libero perspiciatis mollitia praesentium.</td><td>Excepturi corrupti ad sit quia pariatur quibusdam sit nostrum.</td><td>Ex laudantium sed sed.</td><td>Neque quos illum qui exercitationem sit asperiores.</td></tr><tr><td>Aut veniam voluptate ut nisi consequatur sit exercitationem odit ea a perferendis officia sequi exercitationem.</td><td>Ducimus ullam aperiam.</td><td>Sit autem quia est cum enim et aut vel doloribus nobis.</td><td>Atque.</td><td>Tenetur vel odit iusto.</td></tr><tr><td>Voluptatum facere.</td><td>In nihil vel ea ipsum quaerat laudantium illum corrupti est non quod.</td><td>Minima sed ducimus nemo quidem ut harum accusamus corporis ea est.</td><td>Pariatur eum dolorum in possimus tenetur voluptas velit.</td><td>Doloremque aliquid dolor optio voluptates blanditiis.</td></tr><tr><td>Ut sit magni tenetur aut sit quo pariatur autem.</td><td>Ad ut ut occaecati earum tenetur sequi.</td><td>Ullam quae totam et velit et.</td><td>Blanditiis hic voluptas aliquid iure.</td><td>Occaecati quasi.</td></tr><tr><td>Et.</td><td>Sit dolore quae quas.</td><td>Sequi vero aliquam recusandae.</td><td>Quos nesciunt quia ut quidem maiores ut quis.</td><td>Mollitia hic maiores.</td></tr><tr><td>Amet impedit et nobis facere molestias explicabo saepe assumenda molestiae.</td><td>Ut quas itaque eaque.</td><td>Labore aut et voluptas doloremque.</td><td>Soluta architecto adipisci.</td><td>Reiciendis omnis possimus expedita maiores unde.</td></tr><tr><td>Ut sit labore autem quis temporibus cumque ut deleniti voluptatem expedita.</td><td>Omnis soluta et est qui.</td><td>Suscipit quas ut consequatur delectus tenetur et ut nemo rerum nisi.</td><td>Placeat porro unde velit labore voluptatum iusto.</td><td>Provident natus placeat itaque.</td></tr></tbody></table></div></body></html>\n', '2025-08-03 10:45:20', '2025-07-25 19:33:57', NULL, 1),
(3, 'Q0AHeC0Unf', 'dqoiML6s3f', '6663054208491', 'agnes.uyainah@mardhiyah.web.id', 679, 5023, 4221298, 'Option 9', 'Option 5', '[\"Option 1\",\"Option 2\",\"Option 3\"]', 'Accusantium eos assumenda velit ab. Nihil est non sit atque facere dolor.', 'Option 4', '[\"Option 1\"]', '[\"Option 1\",\"Option 2\",\"Option 3\"]', 'Option 1,Option 2,Option 3', 'https://picsum.photos/200/300?random=3', 'https://picsum.photos/200/300?random=3', '2009-03-27', '03:53:08', '#63e6cb', 'Nisi excepturi non architecto et. Recusandae voluptatem odit perferendis fugit vero doloremque.', '<html><head><title>Eaque id quisquam asperiores voluptatem tempora.</title></head><body><form action=\"example.net\" method=\"POST\"><label for=\"username\">non</label><input type=\"text\" id=\"username\"><label for=\"password\">quod</label><input type=\"password\" id=\"password\"></form><div class=\"suscipit\"><div class=\"natus\"></div><div id=\"7470\"></div><div class=\"dolorem\"></div><div id=\"28688\"><i>Aliquam qui repellendus eum minus unde molestias illum.</i>Aspernatur consequatur laboriosam corrupti quae odio esse dolorem.<h3>A qui explicabo expedita quas est.</h3></div></div><div id=\"80639\"></div><div class=\"quia\"></div><div id=\"13789\"></div></body></html>\n', '2025-08-02 06:21:23', '2025-08-01 04:51:20', NULL, 1),
(4, '3jWtylsUIb', 'yA5bG4GSoe', '9669274188930', 'calista49@zulaika.co', 812, 4598, 7118235, 'Option 6', 'Option 6', '[\"Option 1\",\"Option 2\",\"Option 3\"]', 'Dolores voluptas impedit a quis est officia. Natus pariatur esse delectus repellendus dolorem.', 'Option 1', '[\"Option 1\",\"Option 2\"]', '[\"Option 1\"]', 'Option 1', 'https://picsum.photos/200/300?random=4', 'https://picsum.photos/200/300?random=4', '2015-01-05', '02:31:17', '#42d862', 'Quis reiciendis distinctio dolorem. Et quae qui vel qui.', '<html><head><title>Est ad odio pariatur et voluptatum dolor odio accusantium ea.</title></head><body><form action=\"example.org\" method=\"POST\"><label for=\"username\">ratione</label><input type=\"text\" id=\"username\"><label for=\"password\">voluptatem</label><input type=\"password\" id=\"password\"></form><div class=\"iure\"></div><div id=\"59654\"></div><div class=\"numquam\"></div></body></html>\n', '2025-08-15 12:57:21', '2025-08-07 02:15:24', NULL, NULL),
(5, '6ZcBYEQoyH', 'CV6CzuP8io', '9997637970534', 'tania96@prasetya.name', 591, 7272, 3427960, 'Option 5', 'Option 9', '[\"Option 1\"]', 'Repellat aperiam quis dolores a. Dicta voluptatem est necessitatibus quo voluptate expedita.', 'Option 1', '[\"Option 1\",\"Option 2\",\"Option 3\"]', '[\"Option 1\",\"Option 2\",\"Option 3\"]', 'Option 1,Option 2,Option 3', 'https://picsum.photos/200/300?random=5', 'https://picsum.photos/200/300?random=5', '1977-07-14', '02:59:36', '#298695', 'Quo esse assumenda et ea necessitatibus sit laboriosam voluptatem. Aut totam beatae enim eos.', '<html><head><title>Doloremque earum deserunt at beatae aut nam fugiat voluptates.</title></head><body><form action=\"example.com\" method=\"POST\"><label for=\"username\">quisquam</label><input type=\"text\" id=\"username\"><label for=\"password\">quae</label><input type=\"password\" id=\"password\"></form><div class=\"consequatur\">Temporibus consequuntur corrupti beatae quas laborum tempora ipsam voluptatem quis ut laboriosam.Qui repellendus explicabo corrupti.<i>Eligendi.</i><b>Laudantium iste quia commodi.</b></div></body></html>\n', '2025-07-20 20:25:30', '2025-08-14 03:34:53', 1, 1),
(6, 'wYjp5C3T9K', 'hoXJs2aqUG', '7439793388287', 'rini51@utama.desa.id', 418, 3359, 2088317, 'Option 8', 'Option 2', '[\"Option 1\",\"Option 2\"]', 'Debitis itaque voluptate aut a. Necessitatibus facere eum quasi at libero.', 'Option 2', '[\"Option 1\"]', '[\"Option 1\",\"Option 2\",\"Option 3\"]', 'Option 1,Option 2,Option 3', 'https://picsum.photos/200/300?random=6', 'https://picsum.photos/200/300?random=6', '2019-10-04', '07:16:52', '#aea542', 'Non mollitia voluptas deleniti. Eligendi adipisci qui sint repellat.', '<html><head><title>Provident.</title></head><body><form action=\"example.net\" method=\"POST\"><label for=\"username\">et</label><input type=\"text\" id=\"username\"><label for=\"password\">optio</label><input type=\"password\" id=\"password\"></form><div id=\"33154\"></div><div class=\"aspernatur\"><div id=\"58487\"><table><thead><tr><th>Molestiae aut quae assumenda.</th><th>Dolorum est quis.</th><th>Occaecati laborum fuga est.</th></tr></thead><tbody><tr><td>Sint iusto deleniti corrupti.</td><td>Illum quae qui eum praesentium sit.</td><td>Eaque repellendus praesentium.</td></tr><tr><td>Quia recusandae doloremque enim quisquam est consequuntur voluptas.</td><td>Cumque possimus excepturi.</td><td>Quia vel et quos aut voluptatum alias voluptatem culpa quaerat reiciendis.</td></tr></tbody></table>Dolorem quia excepturi tempore consequatur.<h2>Facilis placeat repellendus ut quia ut consequuntur eum.</h2></div><div id=\"64177\"></div></div><div id=\"82632\"></div></body></html>\n', '2025-07-29 23:30:31', '2025-07-27 12:33:41', 1, 1),
(7, 'KY1TnroL4T', 'CkoFpI1VYN', '1603821855393', 'yessi95@gmail.co.id', 855, 169, 9843392, 'Option 6', 'Option 3', '[\"Option 1\",\"Option 2\"]', 'Adipisci odio delectus sunt. Dolorem quisquam quo qui ducimus.', 'Option 4', '[\"Option 1\",\"Option 2\"]', '[\"Option 1\"]', 'Option 1', 'https://picsum.photos/200/300?random=7', 'https://picsum.photos/200/300?random=7', '2002-05-01', '22:31:08', '#2f82b9', 'Quia ea labore unde. Itaque odio commodi in.', '<html><head><title>Tenetur dolor.</title></head><body><form action=\"example.net\" method=\"POST\"><label for=\"username\">occaecati</label><input type=\"text\" id=\"username\"><label for=\"password\">molestiae</label><input type=\"password\" id=\"password\"></form><div class=\"natus\"><div class=\"aut\"></div><div class=\"adipisci\"></div></div></body></html>\n', '2025-07-17 16:42:28', '2025-07-25 03:57:22', 1, 1),
(8, 'FkuWoCWViu', 'LYFu6VdzLD', '8290461319441', 'wahyudin.cornelia@mayasari.ac.id', 862, 374, 400884, 'Option 1', 'Option 5', '[\"Option 1\",\"Option 2\",\"Option 3\"]', 'Necessitatibus et nisi labore illo. Facilis qui aut sequi laborum.', 'Option 2', '[\"Option 1\",\"Option 2\",\"Option 3\"]', '[\"Option 1\"]', 'Option 1', 'https://picsum.photos/200/300?random=8', 'https://picsum.photos/200/300?random=8', '1981-05-29', '10:34:07', '#7f193a', 'Ipsam rerum aut nulla. Sunt impedit asperiores voluptatem quam. Nostrum eligendi dolore quis.', '<html><head><title>Iste est voluptatum voluptas repellendus minima quo.</title></head><body><form action=\"example.net\" method=\"POST\"><label for=\"username\">blanditiis</label><input type=\"text\" id=\"username\"><label for=\"password\">ea</label><input type=\"password\" id=\"password\"></form><div class=\"odio\"><div id=\"65117\"></div></div><div class=\"illo\"></div><div id=\"92521\"></div></body></html>\n', '2025-07-25 13:10:08', '2025-07-31 09:11:47', NULL, NULL),
(9, 'xzHAetpf7q', 'aguKJvqXr3', '5648625373175', 'cornelia.thamrin@puspita.desa.id', 860, 957, 1564877, 'Option 6', 'Option 5', '[\"Option 1\",\"Option 2\"]', 'Ullam a vel repellat non blanditiis. Ab reiciendis sit at est quibusdam deserunt recusandae.', 'Option 4', '[\"Option 1\",\"Option 2\",\"Option 3\"]', '[\"Option 1\"]', 'Option 1', 'https://picsum.photos/200/300?random=9', 'https://picsum.photos/200/300?random=9', '1971-04-09', '22:36:17', '#23892f', 'A dolores in rerum et doloremque molestiae modi. Ea ut id doloribus. Distinctio ullam rerum et.', '<html><head><title>Ratione molestiae eos repellendus.</title></head><body><form action=\"example.net\" method=\"POST\"><label for=\"username\">occaecati</label><input type=\"text\" id=\"username\"><label for=\"password\">ut</label><input type=\"password\" id=\"password\"></form><div id=\"29192\"></div><div class=\"veniam\"></div><div class=\"ea\"></div></body></html>\n', '2025-07-25 06:03:38', '2025-08-02 23:16:21', NULL, NULL),
(10, 'Il5qgHO3G9', 'fwob7Cm1JK', '2160519882714', 'hutagalung.harsanto@gmail.co.id', 314, 3576, 2094786, 'Option 1', 'Option 2', '[\"Option 1\",\"Option 2\"]', 'Ea nesciunt ipsum consequatur voluptas non officiis. Dolore aut ut error harum unde.', 'Option 3', '[\"Option 1\"]', '[\"Option 1\",\"Option 2\",\"Option 3\"]', 'Option 1,Option 2,Option 3', 'https://picsum.photos/200/300?random=10', 'https://picsum.photos/200/300?random=10', '2023-12-24', '08:49:55', '#6c7ec9', 'Esse rerum ducimus commodi. Ex quae quia ab voluptatem. Unde omnis aut est atque aut quod.', '<html><head><title>Quidem cumque occaecati maiores.</title></head><body><form action=\"example.com\" method=\"POST\"><label for=\"username\">debitis</label><input type=\"text\" id=\"username\"><label for=\"password\">commodi</label><input type=\"password\" id=\"password\"></form><div id=\"9607\"></div></body></html>\n', '2025-07-19 00:05:56', '2025-08-09 14:41:37', 1, 1),
(11, 'es5YRCQKcU', '4drUFzqZ8r', '8662220587970', 'hilda79@riyanti.in', 684, 5983, 324350, 'Option 10', 'Option 2', '[\"Option 1\",\"Option 2\"]', 'Incidunt aut sapiente ab velit fuga. Sed a cumque excepturi iusto nihil.', 'Option 1', '[\"Option 1\"]', '[\"Option 1\"]', 'Option 1', 'https://picsum.photos/200/300?random=11', 'https://picsum.photos/200/300?random=11', '1980-02-05', '07:31:43', '#5323d9', 'Enim vel sed in voluptatem illo. Nihil voluptatem tempora eos iure. Enim minima sit in rem.', '<html><head><title>Nam dolor omnis.</title></head><body><form action=\"example.org\" method=\"POST\"><label for=\"username\">quia</label><input type=\"text\" id=\"username\"><label for=\"password\">dolores</label><input type=\"password\" id=\"password\"></form><div id=\"84092\"><div class=\"et\"></div><div id=\"37271\"></div></div><div id=\"15194\"></div></body></html>\n', '2025-07-20 10:12:53', '2025-08-11 05:52:07', 1, 1),
(12, 'YXIKI6w4U2', 'ap85Yy4l28', '7375736894623', 'enasyiah@hutapea.go.id', 156, 8595, 2561110, 'Option 7', 'Option 2', '[\"Option 1\"]', 'Quod debitis est et nam. Qui assumenda ut nihil sint consequatur commodi voluptatum dolores.', 'Option 1', '[\"Option 1\"]', '[\"Option 1\",\"Option 2\"]', 'Option 1,Option 2', 'https://picsum.photos/200/300?random=12', 'https://picsum.photos/200/300?random=12', '2010-10-16', '19:48:46', '#0ce285', 'Occaecati quis in est quas. Consequatur occaecati qui hic. Aut ut ex aut rerum.', '<html><head><title>Aut et aspernatur nisi accusamus nisi at aliquid sit.</title></head><body><form action=\"example.net\" method=\"POST\"><label for=\"username\">molestiae</label><input type=\"text\" id=\"username\"><label for=\"password\">minus</label><input type=\"password\" id=\"password\"></form><div id=\"62503\"><div class=\"voluptas\"></div><div id=\"12859\"></div><div class=\"voluptas\"><a href=\"example.org\">Dolor commodi dignissimos debitis cupiditate officia.</a>Ea similique et qui.</div></div><div class=\"molestiae\"></div><div id=\"91868\"></div><div class=\"suscipit\"></div></body></html>\n', '2025-07-23 07:01:23', '2025-07-26 05:28:45', NULL, NULL),
(13, 'Z3goLDgFFb', 'klTEXgQftx', '0200761160719', 'fitriani47@yahoo.com', 328, 8932, 475007, 'Option 6', 'Option 9', '[\"Option 1\",\"Option 2\",\"Option 3\"]', 'Mollitia facilis enim qui et. Numquam in iure quas illum deleniti labore.', 'Option 4', '[\"Option 1\"]', '[\"Option 1\",\"Option 2\",\"Option 3\"]', 'Option 1,Option 2,Option 3', 'https://picsum.photos/200/300?random=13', 'https://picsum.photos/200/300?random=13', '1981-12-24', '08:45:45', '#42ce6b', 'Eum et quibusdam enim deleniti neque corporis. Dolorem quo dignissimos et et.', '<html><head><title>Maxime deserunt quo.</title></head><body><form action=\"example.org\" method=\"POST\"><label for=\"username\">sequi</label><input type=\"text\" id=\"username\"><label for=\"password\">dicta</label><input type=\"password\" id=\"password\"></form><div class=\"nobis\"><b>Sit est consequatur culpa voluptas sed rerum.</b><ul><li>Delectus corrupti.</li><li>Ut quisquam rerum modi.</li><li>Aut natus labore illum.</li><li>Autem atque at.</li><li>Et velit.</li><li>Et enim et deleniti.</li><li>Vel voluptas est eaque.</li><li>Officiis voluptatem.</li></ul></div><div class=\"architecto\"><span>Quia consequatur nobis corporis non nesciunt.</span><p>Quam eos consequuntur quaerat voluptas.</p><b>Nihil velit voluptate dolor reprehenderit maxime voluptatem harum.</b></div><div id=\"46303\"><div class=\"enim\"></div><div id=\"10843\"></div><div class=\"fugiat\"><span>Ducimus est laboriosam maiores aut dolorem dolorem.</span>Ea accusamus omnis.Nihil necessitatibus dolores ut eveniet.</div><div id=\"95498\"><table><thead><tr><th>Fugiat.</th><th>Autem.</th><th>Voluptatem natus minima deleniti.</th><th>Non.</th></tr></thead><tbody><tr><td>Sit occaecati voluptate quod dolorum delectus.</td><td>Accusamus nihil iure dolor.</td><td>Architecto aut sequi quasi vitae adipisci omnis eius quia maxime autem.</td><td>Voluptatem excepturi laborum maxime soluta non.</td></tr><tr><td>Velit dolore ut quod.</td><td>Sit dolorem iusto fugiat deserunt et tenetur.</td><td>Aut vitae est sit et voluptates porro.</td><td>Delectus ut ab ab aut quos.</td></tr><tr><td>Unde itaque.</td><td>Dolorem eos recusandae iure quae.</td><td>Fugit est qui vel earum veniam ut numquam voluptas vel consequatur.</td><td>Dolorum distinctio sunt ad eveniet nemo.</td></tr><tr><td>Et.</td><td>Adipisci dolorem sequi rem asperiores animi nam.</td><td>Ut rerum tenetur blanditiis exercitationem quibusdam esse rerum rerum quidem alias non tenetur suscipit.</td><td>Eum perspiciatis excepturi veniam.</td></tr><tr><td>Rem unde earum doloremque consequatur odio aut ipsum consequatur aliquam perspiciatis.</td><td>Incidunt eaque numquam voluptatibus at velit.</td><td>Ut ducimus.</td><td>Veritatis est minima non et.</td></tr><tr><td>Explicabo voluptates velit exercitationem numquam voluptas numquam necessitatibus quia quisquam.</td><td>Nostrum quidem dolorem.</td><td>Hic ut expedita et id et quo quia.</td><td>Vel sequi.</td></tr><tr><td>Doloremque qui voluptatem aliquam ea sed expedita.</td><td>Tempora explicabo harum et accusamus voluptate saepe modi.</td><td>Nemo voluptatem dolores quo minus sit rerum excepturi officiis aut reiciendis soluta.</td><td>Placeat totam delectus et atque nulla.</td></tr><tr><td>Qui porro qui itaque porro est recusandae nisi molestiae nemo ipsa.</td><td>Fugit occaecati quis dolor.</td><td>Omnis similique facilis et qui neque voluptatem.</td><td>Et nostrum et id.</td></tr><tr><td>Consequatur adipisci.</td><td>Amet illo nobis necessitatibus nam.</td><td>Enim ea tempora illo.</td><td>Sequi quia suscipit quia voluptatum.</td></tr><tr><td>Vitae.</td><td>Quia corporis tempora non reprehenderit molestiae.</td><td>Inventore eaque labore magnam qui id.</td><td>Incidunt et tempore qui quia amet non et.</td></tr></tbody></table>Inventore asperiores temporibus architecto in accusantium dolorem.<a href=\"example.net\">Recusandae deleniti aliquam ut qui neque sapiente voluptas at ratione dolores.</a><i>Natus aspernatur.</i></div></div></body></html>\n', '2025-07-30 19:10:30', '2025-07-22 10:18:03', 1, NULL),
(14, 'I1k0gtYCGf', '5aUkzgEMln', '0180786326508', 'puti.suartini@nugroho.com', 227, 8479, 5006470, 'Option 2', 'Option 6', '[\"Option 1\",\"Option 2\"]', 'Mollitia fuga nisi laborum quas et. Quisquam quis odio cum. Tenetur quia repellat suscipit.', 'Option 2', '[\"Option 1\",\"Option 2\"]', '[\"Option 1\",\"Option 2\",\"Option 3\"]', 'Option 1,Option 2,Option 3', 'https://picsum.photos/200/300?random=14', 'https://picsum.photos/200/300?random=14', '2011-09-30', '01:48:18', '#ff7009', 'Similique neque dolor vitae earum. Sit sit voluptatum voluptas a ab soluta.', '<html><head><title>Consectetur vitae vitae est.</title></head><body><form action=\"example.org\" method=\"POST\"><label for=\"username\">occaecati</label><input type=\"text\" id=\"username\"><label for=\"password\">minima</label><input type=\"password\" id=\"password\"></form><div class=\"molestiae\"></div></body></html>\n', '2025-08-07 08:14:38', '2025-08-12 18:23:25', NULL, 1),
(15, 'FakEZEuiLF', '2wbOSXtdFV', '0693354471277', 'latif.wahyudin@yahoo.com', 406, 4134, 2415364, 'Option 8', 'Option 7', '[\"Option 1\",\"Option 2\",\"Option 3\"]', 'Voluptatum officia et ipsam maxime quo. Saepe qui qui nemo blanditiis ea.', 'Option 3', '[\"Option 1\"]', '[\"Option 1\"]', 'Option 1', 'https://picsum.photos/200/300?random=15', 'https://picsum.photos/200/300?random=15', '2001-05-26', '18:02:03', '#a13b5a', 'Dicta adipisci repudiandae dolores. Animi id inventore ut ea consequatur est quibusdam.', '<html><head><title>Iure incidunt tempora iure magni perferendis modi modi ipsa delectus nobis.</title></head><body><form action=\"example.org\" method=\"POST\"><label for=\"username\">ea</label><input type=\"text\" id=\"username\"><label for=\"password\">eaque</label><input type=\"password\" id=\"password\"></form><div id=\"81454\"><ul><li>Quo tempore molestias.</li><li>Voluptas.</li><li>Nisi qui.</li><li>Sunt est vel est.</li></ul><h3>Voluptatibus aut.</h3><i>Laboriosam velit aut.</i><span>Sit iusto vel sint dicta impedit aut quisquam iste.</span></div><div class=\"illo\"><div id=\"68131\"></div><div class=\"labore\"></div><div class=\"non\"></div></div><div class=\"mollitia\"><a href=\"example.com\">Perspiciatis voluptatibus dolore voluptatibus rerum soluta eum iure amet.</a>Aut suscipit dicta distinctio totam nisi sapiente.</div></body></html>\n', '2025-08-02 13:03:21', '2025-08-13 08:26:29', NULL, NULL),
(16, 'I0QsFnUJyl', '3oyd6BAwFL', '8995453431179', 'melani.tugiman@gmail.co.id', 933, 7508, 9913482, 'Option 7', 'Option 6', '[\"Option 1\"]', 'Voluptatum incidunt iure iusto placeat est. Optio quaerat ducimus eos et et voluptatem corrupti.', 'Option 4', '[\"Option 1\"]', '[\"Option 1\",\"Option 2\",\"Option 3\"]', 'Option 1,Option 2,Option 3', 'https://picsum.photos/200/300?random=16', 'https://picsum.photos/200/300?random=16', '1996-12-03', '09:00:47', '#c2da72', 'Quia accusamus qui expedita laboriosam dolorum veniam. Et itaque ut delectus delectus dicta quia.', '<html><head><title>Aut unde sed sint eveniet maiores et ratione quisquam esse.</title></head><body><form action=\"example.org\" method=\"POST\"><label for=\"username\">ab</label><input type=\"text\" id=\"username\"><label for=\"password\">omnis</label><input type=\"password\" id=\"password\"></form><div class=\"voluptas\"></div></body></html>\n', '2025-08-04 20:56:44', '2025-07-22 08:47:01', 1, NULL),
(17, 'YvRlpQPnpM', 'fpuNutjACe', '6954376137096', 'ymardhiyah@gmail.co.id', 40, 9713, 8665356, 'Option 6', 'Option 7', '[\"Option 1\"]', 'Sapiente minima voluptatem dolor quia dolorum. Sequi ab sed eum natus est aliquam.', 'Option 4', '[\"Option 1\",\"Option 2\",\"Option 3\"]', '[\"Option 1\",\"Option 2\"]', 'Option 1,Option 2', 'https://picsum.photos/200/300?random=17', 'https://picsum.photos/200/300?random=17', '1996-03-02', '02:36:00', '#f5d2a0', 'Reiciendis ea delectus rerum. Earum nostrum qui maxime nobis autem. Animi consequatur eos autem.', '<html><head><title>Cumque ullam qui odio optio molestias velit doloribus.</title></head><body><form action=\"example.org\" method=\"POST\"><label for=\"username\">porro</label><input type=\"text\" id=\"username\"><label for=\"password\">eveniet</label><input type=\"password\" id=\"password\"></form><div id=\"73855\"><a href=\"example.com\">Quos similique nobis repudiandae cumque inventore.</a><table><thead><tr><th>Esse non.</th><th>Blanditiis laudantium harum et.</th></tr></thead><tbody><tr><td>Voluptatem consequuntur maiores repellendus maiores temporibus eum.</td><td>Consequatur.</td></tr><tr><td>Sed omnis dolor dolores ullam error.</td><td>Qui aut soluta ex placeat vitae assumenda harum.</td></tr></tbody></table>Quas quis laudantium facere maiores assumenda eum adipisci sit consectetur nesciunt blanditiis reiciendis.</div><div class=\"ad\"><a href=\"example.org\">Nisi minima ipsum maxime voluptatum esse molestiae beatae.</a></div><div class=\"esse\"><a href=\"example.com\">Velit ea iste est.</a><h2>Velit.</h2><p>Ratione molestiae dolor ut et nemo.</p></div></body></html>\n', '2025-07-26 14:36:40', '2025-08-02 19:43:52', 1, NULL),
(18, 'eYe1dN7lMY', 'xJfcwKvub9', '9811398703371', 'uyainah.vanesa@gmail.co.id', 53, 7662, 5214831, 'Option 8', 'Option 2', '[\"Option 1\"]', 'Quia facilis debitis et saepe veritatis et. Tempora iure tenetur doloribus consequuntur unde fugit.', 'Option 3', '[\"Option 1\",\"Option 2\",\"Option 3\"]', '[\"Option 1\"]', 'Option 1', 'https://picsum.photos/200/300?random=18', 'https://picsum.photos/200/300?random=18', '1990-02-11', '12:10:41', '#357de8', 'Nihil fuga odit et incidunt. Et dicta porro magnam ut quia qui sit fuga.', '<html><head><title>Vel quo quia porro quasi repellat dicta asperiores enim ut modi.</title></head><body><form action=\"example.org\" method=\"POST\"><label for=\"username\">libero</label><input type=\"text\" id=\"username\"><label for=\"password\">ex</label><input type=\"password\" id=\"password\"></form><div class=\"sed\"><ul><li>Blanditiis iusto eum quia.</li><li>Occaecati laborum sint doloremque iure.</li><li>Repellat laboriosam.</li><li>Culpa eveniet possimus.</li><li>Occaecati at amet eos.</li><li>Voluptatum dicta inventore.</li><li>Facere.</li><li>Exercitationem et nobis.</li><li>Omnis dolorum.</li><li>Quis ipsum.</li><li>Eaque pariatur.</li></ul><ul><li>Rerum aspernatur omnis est.</li><li>Delectus.</li><li>Quis et modi.</li><li>Quam necessitatibus doloribus cumque.</li><li>Tempore debitis qui.</li><li>Perspiciatis adipisci reprehenderit.</li><li>Omnis natus.</li><li>Alias aut.</li></ul><a href=\"example.net\">Eligendi nihil est inventore nihil numquam aspernatur dolorem tempore.</a>Et quam accusamus accusamus necessitatibus repellat recusandae ipsum maxime rerum ea in.</div></body></html>\n', '2025-07-26 03:48:44', '2025-08-14 20:04:08', 1, NULL),
(19, 'VFFUGGf824', '7rZptgq6YE', '4963217257451', 'wwulandari@gmail.com', 698, 3458, 675328, 'Option 8', 'Option 8', '[\"Option 1\"]', 'Et praesentium dolor qui aut ex temporibus et. Facilis animi dolor modi quis.', 'Option 4', '[\"Option 1\",\"Option 2\",\"Option 3\"]', '[\"Option 1\",\"Option 2\"]', 'Option 1,Option 2', 'https://picsum.photos/200/300?random=19', 'https://picsum.photos/200/300?random=19', '2021-06-29', '21:57:12', '#329228', 'Omnis eos fuga a est. A ex eveniet quo at. Corrupti nobis tempore dolore molestias natus a vitae.', '<html><head><title>Aut sit neque itaque voluptas.</title></head><body><form action=\"example.org\" method=\"POST\"><label for=\"username\">cum</label><input type=\"text\" id=\"username\"><label for=\"password\">illum</label><input type=\"password\" id=\"password\"></form><div id=\"21652\"><div class=\"qui\"><p>Vitae tempore omnis sunt fugiat esse.</p></div><div class=\"laboriosam\"></div></div><div id=\"58715\"></div><div id=\"88353\"><div id=\"4629\"></div><div class=\"quia\"><span>Ut maiores.</span><a href=\"example.net\">Molestiae consequatur tenetur quam labore aut quas.</a></div><div class=\"est\"></div><div class=\"tenetur\"><i>Consequatur temporibus est incidunt id illo voluptas error dolores illum porro suscipit.</i></div></div><div class=\"quia\"></div></body></html>\n', '2025-08-05 17:41:47', '2025-08-10 17:31:39', NULL, 1),
(20, 't3f8jgfEWM', 'AghvRHUtEK', '0609897262784', 'hani82@yahoo.com', 750, 600, 7829850, 'Option 3', 'Option 6', '[\"Option 1\",\"Option 2\"]', 'Alias voluptatum eligendi quis qui. Consectetur delectus qui repellat sapiente velit.', 'Option 2', '[\"Option 1\",\"Option 2\"]', '[\"Option 1\",\"Option 2\",\"Option 3\"]', 'Option 1,Option 2,Option 3', 'https://picsum.photos/200/300?random=20', 'https://picsum.photos/200/300?random=20', '2002-04-28', '11:34:08', '#fa1710', 'Ut ex qui laudantium saepe. Beatae et aut id odio. Provident et voluptas modi ipsum.', '<html><head><title>Tempore sunt odit quos iure alias ut.</title></head><body><form action=\"example.com\" method=\"POST\"><label for=\"username\">placeat</label><input type=\"text\" id=\"username\"><label for=\"password\">et</label><input type=\"password\" id=\"password\"></form><div id=\"86581\"></div><div class=\"perspiciatis\"></div><div class=\"consectetur\"></div></body></html>\n', '2025-08-13 08:55:47', '2025-08-13 22:32:50', NULL, NULL),
(21, 'ZgXUkh7PfB', '5esW8uQxbU', '4246752652548', 'ade.wulandari@gmail.co.id', 102, 2057, 688400, 'Option 5', 'Option 2', '[\"Option 1\"]', 'Aut libero excepturi odit perspiciatis. Qui veniam suscipit magnam et accusamus.', 'Option 4', '[\"Option 1\"]', '[\"Option 1\",\"Option 2\",\"Option 3\"]', 'Option 1,Option 2,Option 3', 'https://picsum.photos/200/300?random=21', 'https://picsum.photos/200/300?random=21', '1978-08-03', '14:23:08', '#95fbd2', 'Sunt inventore quasi aut iusto veritatis officiis error quia. Ex eum molestiae similique dolor.', '<html><head><title>Recusandae dolor nihil aut perferendis.</title></head><body><form action=\"example.net\" method=\"POST\"><label for=\"username\">dignissimos</label><input type=\"text\" id=\"username\"><label for=\"password\">eaque</label><input type=\"password\" id=\"password\"></form><div id=\"46155\"><table><thead><tr><th>Et animi.</th><th>Suscipit quis.</th><th>Esse quo at error.</th></tr></thead><tbody><tr><td>Eaque quibusdam.</td><td>Iure omnis tempore magni et et.</td><td>Quod rerum voluptates voluptatem accusamus sint consequatur illo.</td></tr><tr><td>Nihil asperiores beatae cumque modi et a.</td><td>Mollitia non quae sunt et aut soluta dolores perspiciatis aperiam cumque totam voluptate sit iste.</td><td>Et voluptatem distinctio totam pariatur totam eum veniam.</td></tr><tr><td>Corporis iusto quam velit animi accusamus.</td><td>Eos ipsa ut iste et ex ea vitae.</td><td>Quis deserunt.</td></tr><tr><td>Minus vel voluptatem rem ut reprehenderit ea nostrum error similique.</td><td>Delectus expedita vero maiores quia delectus similique.</td><td>Cum hic cumque necessitatibus aut qui.</td></tr></tbody></table><i>Ea dolorem.</i><h3>Et veniam exercitationem et illo nesciunt repellendus accusantium libero facilis cumque.</h3></div><div class=\"illo\"><i>Atque aut est impedit in.</i><h2>Voluptas.</h2><ul><li>At.</li><li>Omnis hic ut.</li><li>Veniam voluptatem labore tempora accusamus.</li><li>Est officiis id voluptas.</li><li>Iure exercitationem sit veniam quidem.</li><li>Fugit nesciunt ipsa dicta.</li></ul><table><thead><tr><th>Doloremque nostrum.</th><th>Consequatur quia molestiae.</th><th>Iste odit.</th></tr></thead><tbody><tr><td>Qui alias inventore rerum dicta vel est.</td><td>Accusamus hic inventore.</td><td>Quas est nemo placeat.</td></tr><tr><td>Quia excepturi cupiditate culpa vitae ducimus sit.</td><td>Quia nemo at repudiandae.</td><td>Natus architecto impedit.</td></tr></tbody></table></div><div id=\"68589\"><div id=\"38547\"></div><div class=\"fugiat\"><i>Facilis unde.</i><a href=\"example.org\">Magnam mollitia eveniet.</a><ul><li>Sint.</li><li>Vero voluptatem.</li><li>Quisquam consequatur saepe magni.</li><li>Possimus labore.</li><li>Recusandae consequatur.</li><li>Fuga vel et dolor.</li><li>Cumque dignissimos unde autem.</li><li>Sed aut quas sunt sed.</li><li>Dolores animi natus.</li><li>Minus.</li><li>Error in ipsum mollitia.</li></ul></div><div class=\"ex\"></div></div><div class=\"optio\"></div></body></html>\n', '2025-08-01 01:53:53', '2025-08-12 14:11:21', 1, NULL),
(22, '1fiyGILdIY', 'fpeCTE4oGD', '4018411732263', 'permata.janet@mulyani.my.id', 388, 4063, 62236, 'Option 10', 'Option 9', '[\"Option 1\",\"Option 2\"]', 'Repellendus officiis veritatis mollitia vel. Ad ipsum deserunt rerum cupiditate tenetur.', 'Option 4', '[\"Option 1\"]', '[\"Option 1\"]', 'Option 1', 'https://picsum.photos/200/300?random=22', 'https://picsum.photos/200/300?random=22', '1991-09-03', '12:08:12', '#1ac417', 'Et aut nostrum ea quia quibusdam consequatur aut. Minus consequatur qui inventore.', '<html><head><title>Occaecati molestias labore occaecati magnam.</title></head><body><form action=\"example.net\" method=\"POST\"><label for=\"username\">ut</label><input type=\"text\" id=\"username\"><label for=\"password\">atque</label><input type=\"password\" id=\"password\"></form><div id=\"25401\"><div class=\"magni\"></div><div id=\"46495\"></div><div id=\"89885\"></div></div></body></html>\n', '2025-08-14 16:39:17', '2025-07-24 16:37:15', 1, 1),
(23, '9ycBHSwdf4', 'L3leCfBMXN', '3848448678736', 'putri41@manullang.my.id', 170, 2946, 9137692, 'Option 7', 'Option 3', '[\"Option 1\",\"Option 2\",\"Option 3\"]', 'Distinctio aut facilis fugiat est ut. Ut ad qui illo id non. Voluptatem fuga a quia vitae.', 'Option 4', '[\"Option 1\"]', '[\"Option 1\",\"Option 2\"]', 'Option 1,Option 2', 'https://picsum.photos/200/300?random=23', 'https://picsum.photos/200/300?random=23', '1992-09-25', '17:08:05', '#40d182', 'Voluptate molestiae est veritatis iste. Tempora in ut iure praesentium aliquid.', '<html><head><title>Soluta velit.</title></head><body><form action=\"example.com\" method=\"POST\"><label for=\"username\">temporibus</label><input type=\"text\" id=\"username\"><label for=\"password\">consequatur</label><input type=\"password\" id=\"password\"></form><div id=\"45247\"><div class=\"quas\"></div><div class=\"nihil\">Fugit id facilis commodi.<span>Ipsum doloribus distinctio minus in deleniti eum.</span><i>Unde dolorem sint.</i><table><thead><tr><th>Aut illo autem.</th><th>Incidunt.</th><th>Beatae recusandae.</th><th>Minus eos.</th></tr></thead><tbody><tr><td>Dolores omnis eaque explicabo debitis.</td><td>Repellat provident sunt non quasi minus ad sed non excepturi at.</td><td>Perspiciatis officiis maiores recusandae eos.</td><td>Quasi doloremque minus ipsum tempore modi similique consequatur velit atque vitae.</td></tr><tr><td>Tenetur omnis animi at non voluptas et voluptas.</td><td>Necessitatibus et nam voluptates ducimus fugiat consequatur iure nesciunt et officiis quo repellat.</td><td>Et cumque voluptas.</td><td>Libero iste sit doloribus ea eos vel.</td></tr><tr><td>Mollitia aut aut provident commodi.</td><td>Vitae ratione laborum provident voluptas sequi.</td><td>Omnis aperiam consequatur et quia accusamus voluptas omnis.</td><td>Aspernatur maxime labore incidunt.</td></tr><tr><td>Non id culpa accusamus sed nihil natus incidunt debitis et.</td><td>Similique sequi.</td><td>Quia sed enim dolorum ea sit aut sint perferendis omnis deleniti quos consectetur.</td><td>Aut ducimus praesentium itaque unde est.</td></tr><tr><td>Veniam incidunt aut eaque cumque commodi harum provident animi.</td><td>Nemo distinctio est voluptatibus dicta et magni.</td><td>Qui illum ducimus.</td><td>Nihil voluptate nobis ipsa modi sunt quia ipsam.</td></tr><tr><td>Asperiores at quis ducimus explicabo vitae.</td><td>Esse suscipit distinctio distinctio soluta unde.</td><td>Dolor praesentium nisi voluptatum.</td><td>Consequatur cumque ipsam fugit voluptatem.</td></tr><tr><td>Tempore in.</td><td>Voluptatem ut alias rerum ex tenetur voluptates aliquam natus veritatis.</td><td>Veritatis ipsa ut nesciunt beatae eum dolorem.</td><td>Eius a voluptatibus aperiam.</td></tr></tbody></table></div></div></body></html>\n', '2025-07-27 01:13:09', '2025-08-04 04:33:25', NULL, NULL),
(24, 'pAn3YSwWMW', 'jPHJ7z4GyS', '8806365726553', 'makuta.rahmawati@purwanti.my.id', 556, 7968, 262976, 'Option 1', 'Option 9', '[\"Option 1\"]', 'Accusamus est illo minus rerum sit ut. Debitis perspiciatis ut amet consequuntur.', 'Option 1', '[\"Option 1\",\"Option 2\"]', '[\"Option 1\",\"Option 2\",\"Option 3\"]', 'Option 1,Option 2,Option 3', 'https://picsum.photos/200/300?random=24', 'https://picsum.photos/200/300?random=24', '2019-05-25', '19:38:40', '#a5bb03', 'Impedit quaerat a error qui aut et. Ipsa iusto magni in nihil autem quaerat ut.', '<html><head><title>Et qui et impedit nam voluptas mollitia.</title></head><body><form action=\"example.net\" method=\"POST\"><label for=\"username\">id</label><input type=\"text\" id=\"username\"><label for=\"password\">ad</label><input type=\"password\" id=\"password\"></form><div id=\"11022\"><div class=\"facilis\"></div><div class=\"veniam\"></div></div><div id=\"31893\"></div></body></html>\n', '2025-07-23 13:26:35', '2025-08-09 19:03:19', NULL, 1),
(25, 'wK1OTqYL4p', '4kjgDHFNwz', '3357136083276', 'adhiarja.laksita@mansur.or.id', 42, 3665, 8270830, 'Option 2', 'Option 6', '[\"Option 1\",\"Option 2\"]', 'Et quod praesentium voluptatem libero iusto. Qui et error sunt ut ullam molestiae animi aut.', 'Option 2', '[\"Option 1\",\"Option 2\"]', '[\"Option 1\"]', 'Option 1', 'https://picsum.photos/200/300?random=25', 'https://picsum.photos/200/300?random=25', '1971-08-06', '03:48:06', '#f59a90', 'Quidem vel corrupti veritatis fuga. Ipsa sunt doloremque enim nesciunt nisi.', '<html><head><title>Assumenda sunt velit et dolores omnis nisi provident quidem est architecto harum.</title></head><body><form action=\"example.org\" method=\"POST\"><label for=\"username\">facilis</label><input type=\"text\" id=\"username\"><label for=\"password\">ut</label><input type=\"password\" id=\"password\"></form><div class=\"explicabo\"><div id=\"4996\"></div></div><div id=\"65174\"></div><div class=\"molestias\"></div><div id=\"19754\"></div></body></html>\n', '2025-07-18 08:09:27', '2025-08-12 10:38:34', 1, NULL),
(26, 'bv960xuH10', 'TSNdGc1zdS', '2985256576777', 'pprakasa@gmail.com', 747, 9855, 3981980, 'Option 8', 'Option 3', '[\"Option 1\",\"Option 2\"]', 'Dolor est occaecati et minima. Vel dolorem delectus ratione commodi excepturi rerum.', 'Option 3', '[\"Option 1\",\"Option 2\",\"Option 3\"]', '[\"Option 1\",\"Option 2\",\"Option 3\"]', 'Option 1,Option 2,Option 3', 'https://picsum.photos/200/300?random=26', 'https://picsum.photos/200/300?random=26', '2014-03-04', '19:54:39', '#5fc52c', 'Consequatur quo aut impedit id. Et perspiciatis a rerum hic et sit. Iusto incidunt facilis autem.', '<html><head><title>Fuga voluptatibus aut sit incidunt odit inventore.</title></head><body><form action=\"example.com\" method=\"POST\"><label for=\"username\">nostrum</label><input type=\"text\" id=\"username\"><label for=\"password\">possimus</label><input type=\"password\" id=\"password\"></form><div id=\"77052\"><table><thead><tr><th>Modi.</th></tr></thead><tbody><tr><td>Necessitatibus et exercitationem aperiam qui.</td></tr><tr><td>Ab cum ut tempora assumenda voluptatibus culpa.</td></tr><tr><td>Doloribus.</td></tr><tr><td>Sed.</td></tr><tr><td>Dolorem ex nihil similique neque ut et natus earum incidunt.</td></tr><tr><td>Quod explicabo repudiandae.</td></tr><tr><td>Dolores occaecati quia.</td></tr><tr><td>Non aut eos repellendus qui quia modi quia odio.</td></tr><tr><td>Aliquam doloribus rerum.</td></tr></tbody></table></div></body></html>\n', '2025-07-26 21:41:27', '2025-08-04 19:26:40', NULL, NULL),
(27, 'yR6rsRHyts', 'LwfdIC2doS', '4220162521137', 'winda53@halimah.ac.id', 824, 870, 7996103, 'Option 5', 'Option 2', '[\"Option 1\",\"Option 2\",\"Option 3\"]', 'Nostrum eligendi placeat natus illo blanditiis alias. Ipsa officia beatae dolorem saepe voluptatem.', 'Option 1', '[\"Option 1\"]', '[\"Option 1\",\"Option 2\"]', 'Option 1,Option 2', 'https://picsum.photos/200/300?random=27', 'https://picsum.photos/200/300?random=27', '1983-08-28', '20:46:10', '#3fc8a8', 'Sed unde et rerum et dolorem sapiente rerum. Animi tenetur dolores et laborum reprehenderit.', '<html><head><title>Odit culpa occaecati autem sint enim minus.</title></head><body><form action=\"example.com\" method=\"POST\"><label for=\"username\">enim</label><input type=\"text\" id=\"username\"><label for=\"password\">quia</label><input type=\"password\" id=\"password\"></form><div class=\"at\"></div><div id=\"49884\"><a href=\"example.com\">Id aut.</a><i>Numquam est.</i><ul><li>Quos necessitatibus.</li></ul><span>Dolorem ea eum nihil nihil occaecati.</span></div><div id=\"38992\"></div></body></html>\n', '2025-07-30 18:04:30', '2025-08-15 19:57:17', 1, 1),
(28, 'KRMWBpiZvZ', 'xhZyc1QwEN', '8254307835083', 'cindy64@permadi.net', 247, 2806, 7163013, 'Option 6', 'Option 5', '[\"Option 1\",\"Option 2\",\"Option 3\"]', 'Iure quam est est voluptas aut. Praesentium sit recusandae nulla facilis praesentium.', 'Option 4', '[\"Option 1\"]', '[\"Option 1\"]', 'Option 1', 'https://picsum.photos/200/300?random=28', 'https://picsum.photos/200/300?random=28', '2015-08-07', '10:49:41', '#c07fcb', 'Optio esse et ullam. Quos dolores ipsum numquam veritatis architecto eos.', '<html><head><title>Molestiae repellendus dicta mollitia voluptas culpa omnis sed et nobis.</title></head><body><form action=\"example.org\" method=\"POST\"><label for=\"username\">aut</label><input type=\"text\" id=\"username\"><label for=\"password\">expedita</label><input type=\"password\" id=\"password\"></form><div class=\"non\"><div class=\"similique\">Libero.<b>Praesentium eius delectus quia cumque est optio accusamus expedita nostrum.</b><p>Corrupti ex debitis id assumenda placeat aut assumenda est ipsum dignissimos.</p></div><div class=\"ut\"></div></div><div id=\"27489\"><div class=\"consequuntur\"></div></div></body></html>\n', '2025-08-08 18:53:43', '2025-07-22 07:08:12', NULL, 1),
(29, 'scD1m1k5Kw', 'lqL4c5Gq7l', '7926400924049', 'waluyo.nalar@gmail.com', 96, 3898, 364338, 'Option 4', 'Option 9', '[\"Option 1\",\"Option 2\",\"Option 3\"]', 'Sequi est impedit facilis consequuntur. Voluptas et soluta natus eum totam eius autem rerum.', 'Option 2', '[\"Option 1\",\"Option 2\"]', '[\"Option 1\",\"Option 2\"]', 'Option 1,Option 2', 'https://picsum.photos/200/300?random=29', 'https://picsum.photos/200/300?random=29', '1975-09-02', '21:25:45', '#1514d3', 'Nostrum ea provident temporibus voluptates. Autem facere qui et vel et id qui vitae.', '<html><head><title>Deserunt ut quia earum.</title></head><body><form action=\"example.net\" method=\"POST\"><label for=\"username\">accusantium</label><input type=\"text\" id=\"username\"><label for=\"password\">et</label><input type=\"password\" id=\"password\"></form><div class=\"blanditiis\"></div><div class=\"et\"><div class=\"provident\"></div></div><div class=\"nam\"><div id=\"43514\"><b>Officiis soluta voluptatem magnam amet culpa.</b><b>Qui ea doloremque id aut aspernatur et ea dolorum consequuntur.</b><a href=\"example.net\">Vitae nobis totam esse sed sunt perferendis provident magni perferendis excepturi.</a></div></div><div id=\"61325\"><span>Ut eius illo voluptatem explicabo.</span><table><thead><tr><th>Quia eos asperiores et.</th><th>Amet nostrum minus.</th><th>Ut.</th><th>Distinctio ipsum.</th><th>Fuga sed facere.</th></tr></thead><tbody><tr><td>Aut voluptatem voluptate fuga.</td><td>Quaerat eum enim quibusdam.</td><td>Vero voluptate et quod officia.</td><td>Modi voluptas odio in aliquam velit modi.</td><td>Itaque sit minus deserunt illum reiciendis.</td></tr><tr><td>Et excepturi laudantium.</td><td>Quisquam facere tempora.</td><td>Omnis qui suscipit culpa.</td><td>Id ipsum et dignissimos itaque enim enim dolore vel.</td><td>Officiis dolor cumque nostrum suscipit autem consectetur.</td></tr><tr><td>Voluptas aut qui cumque cupiditate.</td><td>Reprehenderit aperiam.</td><td>Eligendi neque neque non quis maxime.</td><td>Temporibus nulla nihil impedit maxime accusantium quas sit repudiandae.</td><td>Illum atque.</td></tr><tr><td>Ratione reiciendis expedita possimus veritatis non est et aut.</td><td>Ducimus repellendus iure iure quam ullam soluta molestiae cupiditate hic qui incidunt nisi maxime.</td><td>Quod autem et.</td><td>Sed molestiae.</td><td>Pariatur.</td></tr><tr><td>Aut perferendis perferendis doloribus quisquam.</td><td>Quos voluptatem aliquam perspiciatis aspernatur magni aliquam ea unde molestiae et.</td><td>Consectetur minus deleniti quas veniam doloribus.</td><td>Amet quis quod recusandae.</td><td>Nihil et dolorem.</td></tr><tr><td>Et dolor aut corrupti recusandae.</td><td>Non ut autem et non voluptate accusamus aut harum.</td><td>Perferendis voluptatum.</td><td>Ullam mollitia est et qui aliquam ipsum.</td><td>Voluptas quia hic.</td></tr><tr><td>Deleniti id ea molestias vitae natus eum voluptatem laboriosam.</td><td>Eaque officia assumenda quis dolor.</td><td>Et quis.</td><td>Quos numquam.</td><td>Velit eum at soluta repellat excepturi cupiditate et.</td></tr></tbody></table><a href=\"example.org\">Dolores aut aperiam soluta nihil dolore sit illum velit velit quas.</a><table><thead><tr><th>Et dicta.</th><th>Veniam eum perspiciatis.</th></tr></thead><tbody><tr><td>Iusto ut.</td><td>Aut et.</td></tr></tbody></table></div></body></html>\n', '2025-07-22 05:35:10', '2025-07-22 18:01:32', NULL, 1),
(30, 'ERhI53evK3', 'YIz1mE4onV', '4430082984893', 'bella.waluyo@gmail.co.id', 575, 3900, 2538887, 'Option 4', 'Option 7', '[\"Option 1\",\"Option 2\",\"Option 3\"]', 'Autem quas rerum ut laudantium et quo. Voluptatibus eius voluptatem voluptas suscipit et.', 'Option 3', '[\"Option 1\",\"Option 2\"]', '[\"Option 1\"]', 'Option 1', 'https://picsum.photos/200/300?random=30', 'https://picsum.photos/200/300?random=30', '2013-03-10', '23:59:33', '#dc8380', 'Nostrum atque quibusdam sint nam natus cumque quasi. Perspiciatis velit vitae ratione nihil rerum.', '<html><head><title>Maiores sunt eligendi est velit qui.</title></head><body><form action=\"example.net\" method=\"POST\"><label for=\"username\">dolor</label><input type=\"text\" id=\"username\"><label for=\"password\">temporibus</label><input type=\"password\" id=\"password\"></form><div class=\"nemo\"></div><div id=\"88580\"><p>Ab numquam fugit maiores consequuntur.</p><p>Qui ut necessitatibus dolor aut dolor.</p><span>Voluptatem voluptatem.</span></div><div class=\"impedit\"><div id=\"56881\"></div><div class=\"minima\">Dolorum.<table><thead><tr><th>Possimus odio modi suscipit est modi.</th><th>Provident provident.</th><th>Quibusdam corporis.</th><th>Expedita.</th><th>Molestias in.</th><th>Deserunt.</th></tr></thead><tbody><tr><td>Aspernatur laboriosam dolores officia aut.</td><td>Enim eaque sit ipsa non.</td><td>Aut vero explicabo.</td><td>Quae.</td><td>Placeat sed et aut omnis et.</td><td>Fugit et provident ad molestiae et.</td></tr><tr><td>Atque qui dolore amet facilis nulla est dicta temporibus ab.</td><td>Quia enim in neque quasi consectetur vitae nemo consequuntur iste quos autem.</td><td>Minima recusandae voluptate et vel.</td><td>Consequatur cupiditate cum deleniti et veritatis et deserunt hic commodi.</td><td>Delectus doloribus et.</td><td>Consequatur est culpa unde modi nobis qui.</td></tr><tr><td>Vero porro quia fuga esse.</td><td>Rerum id pariatur exercitationem sit dolorem laboriosam id vero.</td><td>Et id velit modi numquam unde.</td><td>Esse asperiores vero vel quisquam repellat eum.</td><td>Sed enim et non minima quae.</td><td>Quas quas rerum quo quam.</td></tr><tr><td>Rerum aut consequuntur non unde.</td><td>Dignissimos quibusdam numquam pariatur quia.</td><td>Ut ea.</td><td>Explicabo accusantium modi quo.</td><td>Voluptates sed asperiores.</td><td>Sapiente quos ad.</td></tr><tr><td>Qui qui quia qui modi.</td><td>Ipsam laboriosam doloremque.</td><td>Quis ex.</td><td>Sunt vitae quis non pariatur.</td><td>Quod aut dolores qui et id.</td><td>Magni sed aut consequatur cupiditate dolores expedita non quas sunt.</td></tr><tr><td>Mollitia recusandae ipsum.</td><td>Minus eius aut veniam veritatis aut fugit.</td><td>Et error ex.</td><td>Omnis impedit itaque adipisci magnam a animi itaque placeat aut accusantium.</td><td>Facere doloremque maiores adipisci earum placeat.</td><td>Est voluptatem sed cum excepturi facilis dicta nemo ut repellendus quia.</td></tr><tr><td>Impedit eum sit.</td><td>Qui assumenda eos similique id repellat non.</td><td>Ea natus id amet sint qui autem error dolorem voluptates.</td><td>Libero officiis voluptatum amet unde eos corporis.</td><td>Enim totam non perferendis.</td><td>Similique velit nobis.</td></tr><tr><td>Et ipsa mollitia exercitationem fugit voluptas.</td><td>Aperiam debitis velit eveniet natus quas non.</td><td>Facere sint est aut odit doloribus quisquam sunt quia maxime.</td><td>Vitae eveniet.</td><td>Facilis quae iste ut qui consequatur ut voluptatem quas non et dolores dignissimos.</td><td>Dignissimos est nulla deserunt error ut et hic occaecati quaerat ullam quis impedit ut.</td></tr><tr><td>Voluptas earum placeat sapiente recusandae quia dicta ea rerum quia qui repudiandae consequatur.</td><td>Aut necessitatibus nihil quasi molestiae fugiat.</td><td>Porro dolorem suscipit neque voluptatum commodi sint sint nihil molestiae at eum et.</td><td>Quidem cum repudiandae sit.</td><td>Ratione placeat minima quam saepe numquam et tempora quod aperiam.</td><td>Aliquam quia.</td></tr></tbody></table><span>Iusto inventore explicabo animi doloribus.</span></div><div id=\"20418\"></div><div class=\"sed\"></div></div><div id=\"66257\"><b>Assumenda vel architecto inventore atque nihil consequatur sint consequuntur assumenda id et.</b></div></body></html>\n', '2025-08-12 13:08:24', '2025-08-15 17:59:49', NULL, 1);
INSERT INTO `crud_examples` (`id`, `text`, `barcode`, `qr_code`, `email`, `number`, `currency`, `currency_idr`, `select`, `select2`, `select2_multiple`, `textarea`, `radio`, `checkbox`, `checkbox2`, `tags`, `file`, `image`, `date`, `time`, `color`, `summernote_simple`, `summernote`, `created_at`, `updated_at`, `created_by_id`, `last_updated_by_id`) VALUES
(31, '1sOjYPsKtu', 'gZxce5H6la', '7311659536950', 'hidayat.tirtayasa@yahoo.co.id', 705, 890, 9322210, 'Option 1', 'Option 3', '[\"Option 1\"]', 'Voluptas dolor distinctio consectetur natus quaerat consequatur. Hic provident aut vitae.', 'Option 1', '[\"Option 1\"]', '[\"Option 1\",\"Option 2\"]', 'Option 1,Option 2', 'https://picsum.photos/200/300?random=31', 'https://picsum.photos/200/300?random=31', '1986-05-01', '20:47:41', '#5dbd96', 'Maiores sit rerum nostrum nostrum quisquam nulla sit. Ad eaque sunt et odio non.', '<html><head><title>Blanditiis voluptate veniam illo.</title></head><body><form action=\"example.net\" method=\"POST\"><label for=\"username\">dolorem</label><input type=\"text\" id=\"username\"><label for=\"password\">et</label><input type=\"password\" id=\"password\"></form><div class=\"omnis\"></div></body></html>\n', '2025-08-06 09:39:06', '2025-08-02 19:22:20', 1, NULL),
(32, '9UCtDodQX5', 'TIGl7f7WCM', '0392559128114', 'harja60@gmail.com', 967, 8760, 3188946, 'Option 6', 'Option 6', '[\"Option 1\",\"Option 2\"]', 'Aut sunt asperiores dolor voluptas sint. Enim ut sit aut expedita cum et ex.', 'Option 1', '[\"Option 1\",\"Option 2\"]', '[\"Option 1\",\"Option 2\"]', 'Option 1,Option 2', 'https://picsum.photos/200/300?random=32', 'https://picsum.photos/200/300?random=32', '1996-07-06', '06:16:07', '#769648', 'Ea nostrum qui voluptas incidunt ut doloribus. Minima aut autem in corrupti ut.', '<html><head><title>Explicabo dolorum ullam totam ipsam.</title></head><body><form action=\"example.com\" method=\"POST\"><label for=\"username\">molestiae</label><input type=\"text\" id=\"username\"><label for=\"password\">facilis</label><input type=\"password\" id=\"password\"></form><div class=\"quidem\"></div><div id=\"30372\"></div></body></html>\n', '2025-07-19 15:31:21', '2025-08-14 00:41:37', 1, NULL),
(33, 'faG2BtpaSh', 'iSbytv4A8n', '4897952852735', 'puspita.eva@gmail.com', 837, 6929, 9862734, 'Option 7', 'Option 5', '[\"Option 1\"]', 'Et ea sint deleniti magni suscipit tempora. Aut sunt et eum accusantium quam necessitatibus dicta.', 'Option 3', '[\"Option 1\"]', '[\"Option 1\"]', 'Option 1', 'https://picsum.photos/200/300?random=33', 'https://picsum.photos/200/300?random=33', '2007-05-15', '05:23:05', '#407fbb', 'Reprehenderit consequatur rerum vel deserunt. Non quos laborum maiores nihil.', '<html><head><title>Sapiente debitis.</title></head><body><form action=\"example.net\" method=\"POST\"><label for=\"username\">neque</label><input type=\"text\" id=\"username\"><label for=\"password\">enim</label><input type=\"password\" id=\"password\"></form><div class=\"sapiente\"><div id=\"47266\"><b>Consequuntur sunt ratione nulla dolore modi ut ea laborum.</b>Nulla eum.<h2>Magni deserunt.</h2><table><thead><tr><th>Dolorum.</th><th>Omnis.</th><th>Ea quo voluptatibus.</th><th>A ut voluptatum perferendis.</th></tr></thead><tbody><tr><td>Et perspiciatis.</td><td>Explicabo ducimus rem error et quod nulla.</td><td>Quisquam nostrum dolores est corporis voluptate nobis.</td><td>Expedita est maxime iure id.</td></tr><tr><td>Est magni ullam dignissimos et quam qui.</td><td>Maxime quasi.</td><td>Atque.</td><td>Voluptas officiis ut id.</td></tr></tbody></table></div><div id=\"82056\"></div><div class=\"ut\"></div></div></body></html>\n', '2025-08-13 15:59:31', '2025-07-30 07:05:20', 1, NULL),
(34, '0PTHrNXldS', 'sp9lydjEwd', '5720681722071', 'dabukke.tami@gmail.com', 920, 2258, 1865979, 'Option 9', 'Option 10', '[\"Option 1\",\"Option 2\",\"Option 3\"]', 'Eos rerum impedit est nihil aut. Quia sint consequatur nihil vel.', 'Option 1', '[\"Option 1\"]', '[\"Option 1\",\"Option 2\",\"Option 3\"]', 'Option 1,Option 2,Option 3', 'https://picsum.photos/200/300?random=34', 'https://picsum.photos/200/300?random=34', '2022-11-22', '17:49:16', '#dc2bd4', 'Eligendi qui voluptatem et sunt quis. Sit quia id veritatis libero fugiat totam eum.', '<html><head><title>Velit velit tempore et facilis nobis.</title></head><body><form action=\"example.org\" method=\"POST\"><label for=\"username\">et</label><input type=\"text\" id=\"username\"><label for=\"password\">a</label><input type=\"password\" id=\"password\"></form><div id=\"24516\"></div><div id=\"62189\"><div class=\"sunt\"></div></div><div class=\"ipsa\"><div class=\"sed\"><i>Ducimus nihil alias voluptatem quos quo consectetur aperiam.</i><p>Quaerat cum blanditiis harum id vel rerum aut.</p><i>Et aut aut quisquam quia dolore dolorem aut rerum.</i></div><div class=\"quas\"></div><div id=\"1743\"></div></div><div id=\"23012\"></div></body></html>\n', '2025-08-10 10:16:58', '2025-07-21 04:10:46', 1, 1),
(35, 'Tlz2GgE9Rf', 'ZYFiNFQMKJ', '7044319732392', 'irma72@iswahyudi.co.id', 759, 9676, 4906292, 'Option 3', 'Option 9', '[\"Option 1\",\"Option 2\",\"Option 3\"]', 'Autem consequatur rem quis aliquam magnam. Alias perspiciatis harum laborum fuga dolore.', 'Option 1', '[\"Option 1\",\"Option 2\"]', '[\"Option 1\"]', 'Option 1', 'https://picsum.photos/200/300?random=35', 'https://picsum.photos/200/300?random=35', '2009-03-22', '18:42:56', '#5f93eb', 'Impedit ratione illo voluptatem eveniet. Nesciunt aliquam aspernatur aut alias blanditiis error.', '<html><head><title>Aperiam mollitia enim ut earum et eos.</title></head><body><form action=\"example.net\" method=\"POST\"><label for=\"username\">et</label><input type=\"text\" id=\"username\"><label for=\"password\">alias</label><input type=\"password\" id=\"password\"></form><div id=\"76949\"></div><div id=\"54536\"></div><div class=\"placeat\"><div class=\"similique\"></div><div class=\"eos\"></div></div></body></html>\n', '2025-07-31 03:31:09', '2025-08-15 16:50:46', NULL, NULL),
(36, 'G0aQdGbqfL', 'BgvynIUJqd', '2896941475926', 'csiregar@yahoo.com', 487, 7142, 2601897, 'Option 6', 'Option 6', '[\"Option 1\",\"Option 2\"]', 'Nam sint suscipit esse est atque. Quia impedit et sed a molestias.', 'Option 2', '[\"Option 1\",\"Option 2\"]', '[\"Option 1\",\"Option 2\",\"Option 3\"]', 'Option 1,Option 2,Option 3', 'https://picsum.photos/200/300?random=36', 'https://picsum.photos/200/300?random=36', '2021-03-12', '03:53:21', '#e46a8c', 'Beatae iste soluta laboriosam. Reprehenderit est corrupti rerum est officia quaerat.', '<html><head><title>Dignissimos cumque et nisi.</title></head><body><form action=\"example.net\" method=\"POST\"><label for=\"username\">officiis</label><input type=\"text\" id=\"username\"><label for=\"password\">cupiditate</label><input type=\"password\" id=\"password\"></form><div class=\"error\"><a href=\"example.com\">Velit aut qui officia et occaecati.</a><ul><li>Adipisci ipsa excepturi.</li><li>Aut.</li></ul></div><div id=\"8575\"><span>Quo.</span><a href=\"example.org\">Molestias nihil doloremque ut amet quod nihil saepe.</a><h2>Vel neque consequatur id.</h2></div><div class=\"consequatur\"><a href=\"example.org\">Delectus aperiam occaecati in delectus omnis illum facere.</a><b>Voluptatibus ea dolorum aperiam cum.</b></div><div id=\"47564\"><div id=\"88080\"></div></div></body></html>\n', '2025-08-07 16:12:16', '2025-08-07 23:40:38', NULL, NULL),
(37, 'cn1mkBiYwW', 'iZYbVHZko7', '4017022069560', 'emas80@nainggolan.biz', 979, 1834, 5189192, 'Option 1', 'Option 4', '[\"Option 1\",\"Option 2\",\"Option 3\"]', 'Placeat eum modi quo ipsa. Maiores sed odio est. Ad aperiam voluptas alias deserunt nulla.', 'Option 3', '[\"Option 1\"]', '[\"Option 1\",\"Option 2\",\"Option 3\"]', 'Option 1,Option 2,Option 3', 'https://picsum.photos/200/300?random=37', 'https://picsum.photos/200/300?random=37', '2006-10-20', '15:22:56', '#39318b', 'Vero dicta sed ea sit ducimus deserunt ut eum. Amet quam natus illo enim.', '<html><head><title>Aut sint blanditiis quod quis.</title></head><body><form action=\"example.com\" method=\"POST\"><label for=\"username\">consequatur</label><input type=\"text\" id=\"username\"><label for=\"password\">similique</label><input type=\"password\" id=\"password\"></form><div class=\"quaerat\"></div></body></html>\n', '2025-07-17 17:37:31', '2025-07-19 15:15:40', NULL, 1),
(38, 'Txc2O2dTFm', 'nlYEX426MF', '3275148908106', 'pertiwi.maria@fujiati.id', 317, 3291, 1338929, 'Option 3', 'Option 4', '[\"Option 1\",\"Option 2\"]', 'Voluptas corrupti omnis molestiae voluptate fugiat occaecati natus. Est ex eius quia dolorem aut.', 'Option 3', '[\"Option 1\",\"Option 2\"]', '[\"Option 1\"]', 'Option 1', 'https://picsum.photos/200/300?random=38', 'https://picsum.photos/200/300?random=38', '2013-01-24', '08:55:06', '#bbc894', 'Cumque corrupti voluptatem ea. Ad sed eius odit cumque voluptatum.', '<html><head><title>Ex omnis sed aliquid rem autem facilis.</title></head><body><form action=\"example.com\" method=\"POST\"><label for=\"username\">voluptas</label><input type=\"text\" id=\"username\"><label for=\"password\">aut</label><input type=\"password\" id=\"password\"></form><div class=\"fuga\"></div><div id=\"30631\"></div></body></html>\n', '2025-07-22 08:33:40', '2025-08-11 11:01:26', NULL, 1),
(39, 'sBWj62nYuP', 'IuPt3xJrPb', '2897178451059', 'slamet28@prabowo.web.id', 539, 9744, 4295598, 'Option 9', 'Option 8', '[\"Option 1\",\"Option 2\",\"Option 3\"]', 'Eos quis voluptatum nemo doloremque ea doloribus. Impedit adipisci vel est molestiae recusandae.', 'Option 4', '[\"Option 1\"]', '[\"Option 1\",\"Option 2\",\"Option 3\"]', 'Option 1,Option 2,Option 3', 'https://picsum.photos/200/300?random=39', 'https://picsum.photos/200/300?random=39', '2010-02-03', '13:05:40', '#ef5afc', 'Quia sunt dolorem eum mollitia. Libero sint amet autem aut. Modi ullam nam repellendus sed est.', '<html><head><title>Debitis.</title></head><body><form action=\"example.net\" method=\"POST\"><label for=\"username\">aut</label><input type=\"text\" id=\"username\"><label for=\"password\">quis</label><input type=\"password\" id=\"password\"></form><div class=\"officia\">Corrupti aperiam animi qui.</div><div id=\"62651\"><i>Voluptatem dignissimos eveniet nemo fuga reprehenderit.</i>Enim debitis ea omnis asperiores omnis eum voluptatem labore aperiam quis perspiciatis.</div><div id=\"55923\"></div><div class=\"expedita\"></div></body></html>\n', '2025-07-24 09:56:26', '2025-08-04 15:05:36', NULL, NULL),
(40, 'rK0cc8pHLx', 'aurV94sjTW', '2917666640519', 'dartono.suryatmi@dabukke.or.id', 944, 5154, 1408702, 'Option 8', 'Option 4', '[\"Option 1\"]', 'A dolorem itaque non id commodi tenetur. Aut voluptatem autem dignissimos dolores.', 'Option 4', '[\"Option 1\"]', '[\"Option 1\",\"Option 2\"]', 'Option 1,Option 2', 'https://picsum.photos/200/300?random=40', 'https://picsum.photos/200/300?random=40', '1992-01-14', '00:10:05', '#c87c7e', 'Aliquid error ut alias omnis qui omnis magni. Magni labore doloremque doloribus.', '<html><head><title>Quod nihil dicta quis ad illo vel nihil ut animi voluptas odio.</title></head><body><form action=\"example.org\" method=\"POST\"><label for=\"username\">quod</label><input type=\"text\" id=\"username\"><label for=\"password\">et</label><input type=\"password\" id=\"password\"></form><div class=\"eaque\">Qui libero rerum est fuga laudantium atque quia quo.<b>Molestiae dolore sed asperiores.</b></div><div class=\"rerum\"></div><div class=\"et\"><p>Qui rerum dolorum autem sunt sunt.</p><table><thead><tr><th>Vel recusandae.</th><th>Nisi in velit quia.</th><th>Repellat odio.</th></tr></thead><tbody><tr><td>Eligendi dolor blanditiis tempora.</td><td>Voluptatem aspernatur.</td><td>Temporibus ut magni animi iste in expedita.</td></tr><tr><td>Ad vero accusantium architecto voluptas.</td><td>Ut ut aperiam totam nihil nobis odio et.</td><td>Possimus doloremque enim molestiae voluptate deleniti.</td></tr><tr><td>Ut necessitatibus repellat molestiae in.</td><td>Qui eius alias provident placeat et illo.</td><td>Nostrum est culpa mollitia enim.</td></tr><tr><td>Harum modi minima molestiae eligendi dolorum.</td><td>Dolores consequatur dolor excepturi et laboriosam deserunt maiores.</td><td>Vero voluptates.</td></tr><tr><td>Fugiat provident.</td><td>Cum molestias excepturi possimus id.</td><td>Facilis vel.</td></tr><tr><td>Dignissimos error similique doloremque alias.</td><td>Est eos omnis sunt repellat laboriosam.</td><td>Ab qui rerum dolore ea incidunt consequuntur.</td></tr><tr><td>Aut officia sint placeat modi.</td><td>Vel pariatur sit sit voluptatem dolorem maiores.</td><td>At illo sed possimus nam nostrum eaque quo sit porro ea beatae occaecati quidem.</td></tr><tr><td>Sed qui aperiam doloremque nobis architecto ipsa.</td><td>Ipsa et cumque sit sed facere.</td><td>Minima libero laudantium perspiciatis.</td></tr><tr><td>Quia eaque.</td><td>Eum.</td><td>Ut voluptatem tempora in.</td></tr></tbody></table></div></body></html>\n', '2025-07-20 17:42:36', '2025-07-29 04:41:59', NULL, 1),
(41, 'E0neImRUnb', 'chKbm5EB7z', '5696848658159', 'pradipta.mujur@yahoo.co.id', 4, 6337, 5408371, 'Option 2', 'Option 6', '[\"Option 1\"]', 'Dolores praesentium facere quas eum. Quo unde earum tempore.', 'Option 1', '[\"Option 1\"]', '[\"Option 1\",\"Option 2\"]', 'Option 1,Option 2', 'https://picsum.photos/200/300?random=41', 'https://picsum.photos/200/300?random=41', '1992-03-24', '23:16:23', '#52e15d', 'Cum aut praesentium culpa dolorem qui odit tenetur. Sunt et a maiores quia facilis quas.', '<html><head><title>Et similique assumenda veritatis velit ipsa illum.</title></head><body><form action=\"example.net\" method=\"POST\"><label for=\"username\">ut</label><input type=\"text\" id=\"username\"><label for=\"password\">quia</label><input type=\"password\" id=\"password\"></form><div id=\"32161\"><div class=\"perferendis\"></div><div id=\"25817\"></div></div><div id=\"24214\"><i>Cupiditate nesciunt quis officiis officia ipsam rem ratione.</i>Autem fugiat.<span>Et provident incidunt.</span><span>Error ut.</span></div><div id=\"36242\"></div></body></html>\n', '2025-08-14 09:08:27', '2025-07-30 02:06:57', NULL, NULL),
(42, 'gZGofHVKid', 'jvq3bzU4iJ', '3007080157812', 'iswahyudi.luwes@yahoo.com', 661, 7295, 892662, 'Option 10', 'Option 9', '[\"Option 1\",\"Option 2\"]', 'Velit dolor autem iusto vitae et. Sint labore odit veniam eum facere autem repellendus illo.', 'Option 1', '[\"Option 1\",\"Option 2\"]', '[\"Option 1\",\"Option 2\"]', 'Option 1,Option 2', 'https://picsum.photos/200/300?random=42', 'https://picsum.photos/200/300?random=42', '2002-10-30', '07:47:23', '#e49ddc', 'Qui fuga id provident voluptas. Velit quis nihil distinctio.', '<html><head><title>Error earum et porro sit.</title></head><body><form action=\"example.com\" method=\"POST\"><label for=\"username\">velit</label><input type=\"text\" id=\"username\"><label for=\"password\">repellat</label><input type=\"password\" id=\"password\"></form><div class=\"et\"></div><div class=\"dolorum\"><p>Ut consequatur numquam alias qui pariatur maiores quia voluptatibus.</p><p>Est officia est voluptates quia.</p><p>Fuga ea debitis cupiditate qui minima sed.</p>Animi saepe est dolorum necessitatibus voluptas dolorum quam qui rerum.</div><div id=\"18932\"></div><div id=\"52240\"></div></body></html>\n', '2025-08-06 17:06:36', '2025-08-01 12:17:20', 1, 1),
(43, 'tJIT1rPIpo', 'INHCT0KO2y', '6966904489782', 'pwulandari@gmail.co.id', 349, 5694, 9268472, 'Option 1', 'Option 9', '[\"Option 1\",\"Option 2\"]', 'Non porro omnis et. Ducimus molestiae hic vitae. Debitis id vel hic iure earum maxime tenetur.', 'Option 3', '[\"Option 1\"]', '[\"Option 1\",\"Option 2\",\"Option 3\"]', 'Option 1,Option 2,Option 3', 'https://picsum.photos/200/300?random=43', 'https://picsum.photos/200/300?random=43', '1994-01-14', '01:56:01', '#b3f556', 'Voluptas doloribus dolores illo. Eos sed cumque nobis officiis. Ea sit voluptates et.', '<html><head><title>Eveniet nihil qui illum facilis ut illum fugit quasi et.</title></head><body><form action=\"example.com\" method=\"POST\"><label for=\"username\">et</label><input type=\"text\" id=\"username\"><label for=\"password\">rerum</label><input type=\"password\" id=\"password\"></form><div class=\"illum\"></div><div id=\"32839\"><div class=\"atque\"><span>Voluptatem voluptates.</span><span>Beatae ut mollitia atque culpa veritatis ut debitis.</span></div><div id=\"88000\"></div></div><div class=\"officia\">Voluptate quia.<i>Quasi ad voluptas nemo aut et ut.</i></div><div id=\"84885\"></div></body></html>\n', '2025-08-06 22:03:15', '2025-08-12 04:01:04', NULL, 1),
(44, 'hIUFvEz9zI', 'lK3RV568dY', '8613793992050', 'janet62@kuswandari.desa.id', 61, 5496, 8329687, 'Option 3', 'Option 9', '[\"Option 1\"]', 'Quisquam laborum in corporis quaerat neque ipsam. Veritatis qui voluptas voluptas doloribus.', 'Option 3', '[\"Option 1\",\"Option 2\",\"Option 3\"]', '[\"Option 1\",\"Option 2\",\"Option 3\"]', 'Option 1,Option 2,Option 3', 'https://picsum.photos/200/300?random=44', 'https://picsum.photos/200/300?random=44', '1983-10-12', '01:50:26', '#44c577', 'Corporis quas nihil itaque qui. Veritatis nostrum velit magni. Aut sed blanditiis veniam eum omnis.', '<html><head><title>Nesciunt nulla quidem nesciunt porro voluptatem et quis.</title></head><body><form action=\"example.com\" method=\"POST\"><label for=\"username\">quis</label><input type=\"text\" id=\"username\"><label for=\"password\">qui</label><input type=\"password\" id=\"password\"></form><div class=\"sapiente\"></div><div id=\"12635\"></div><div id=\"88746\"></div><div id=\"33123\"></div></body></html>\n', '2025-08-04 15:28:13', '2025-07-22 06:26:57', NULL, 1),
(45, 'jfAnQerS2q', 'CAKNTp171k', '2608481622155', 'laksmiwati.paulin@yahoo.com', 233, 7895, 5495909, 'Option 1', 'Option 9', '[\"Option 1\",\"Option 2\",\"Option 3\"]', 'Ut neque quod qui occaecati quae perferendis qui eum. Dicta cumque aut velit libero rerum.', 'Option 4', '[\"Option 1\"]', '[\"Option 1\",\"Option 2\"]', 'Option 1,Option 2', 'https://picsum.photos/200/300?random=45', 'https://picsum.photos/200/300?random=45', '2014-03-31', '23:53:52', '#3d01ee', 'Perferendis distinctio iure quisquam commodi nisi eaque. Dolore omnis et molestiae.', '<html><head><title>Dignissimos ipsa rem consequatur enim accusamus sit.</title></head><body><form action=\"example.org\" method=\"POST\"><label for=\"username\">nobis</label><input type=\"text\" id=\"username\"><label for=\"password\">totam</label><input type=\"password\" id=\"password\"></form><div id=\"50805\"></div><div class=\"voluptas\"></div><div id=\"67438\"><i>Sint iste quam vel quae cum dolorem sed sit sit deleniti.</i></div></body></html>\n', '2025-08-09 02:30:06', '2025-08-15 05:14:47', NULL, NULL),
(46, 'Anp7KMWIWd', '6pZOXhvS0Y', '7261241958045', 'edward61@gmail.com', 78, 318, 9185632, 'Option 1', 'Option 1', '[\"Option 1\"]', 'Velit velit id a voluptatem porro iusto aut. Aliquam itaque eum sit voluptatem dolor sed eos.', 'Option 2', '[\"Option 1\",\"Option 2\"]', '[\"Option 1\",\"Option 2\",\"Option 3\"]', 'Option 1,Option 2,Option 3', 'https://picsum.photos/200/300?random=46', 'https://picsum.photos/200/300?random=46', '1996-02-15', '07:26:05', '#31f9ff', 'Sint saepe autem dolore aut. Est fuga perferendis enim dolores. Esse at repellendus quis esse.', '<html><head><title>Debitis quia est id consectetur omnis nostrum illum ea rem consequatur non.</title></head><body><form action=\"example.net\" method=\"POST\"><label for=\"username\">hic</label><input type=\"text\" id=\"username\"><label for=\"password\">inventore</label><input type=\"password\" id=\"password\"></form><div class=\"reprehenderit\"></div><div id=\"41712\"><div class=\"et\"></div></div><div id=\"26890\"><b>Velit incidunt qui aliquid soluta perspiciatis aut et cum iusto nemo enim.</b>Magnam aut.</div><div id=\"74938\"><h1>Assumenda.</h1><table><thead><tr><th>Adipisci quisquam.</th><th>Quia est.</th><th>Sint impedit voluptatibus.</th><th>Et iure soluta omnis.</th><th>Ipsam non omnis corporis nam.</th></tr></thead><tbody><tr><td>Ducimus adipisci veritatis dolores.</td><td>Sunt qui incidunt error impedit.</td><td>Est magni eligendi eum minus ut aperiam aut laboriosam qui recusandae est.</td><td>Rerum et sapiente aut tenetur quos dolor iure in qui modi quaerat.</td><td>Quod rerum rerum eum voluptate cupiditate quam sit ipsam magnam eum.</td></tr><tr><td>Et facilis.</td><td>Omnis quo unde ut dolor ab modi et reprehenderit.</td><td>Cupiditate.</td><td>Esse delectus saepe est nulla eius.</td><td>Nulla quas magnam minima ullam ab consequatur.</td></tr><tr><td>Unde non enim.</td><td>Consequatur neque iusto provident itaque et mollitia at qui.</td><td>Aperiam quibusdam quo.</td><td>Alias quaerat omnis quia ut quaerat reprehenderit.</td><td>Nemo molestiae qui consequatur id asperiores voluptatem in fugit sed rerum rem.</td></tr><tr><td>Non maiores et qui.</td><td>Nobis hic error et eos dolorem eveniet.</td><td>Sapiente nisi.</td><td>Nobis sed.</td><td>Libero est et velit consequuntur in dolor temporibus et corporis sint culpa dolores.</td></tr><tr><td>Debitis id est in minus.</td><td>Exercitationem voluptatem.</td><td>Consectetur aut.</td><td>Aut sequi voluptas id consequatur et vel id minus.</td><td>Quia harum nisi voluptatem enim.</td></tr><tr><td>Odit ut nihil temporibus qui.</td><td>Neque autem et alias eum voluptates.</td><td>Eaque odit sit earum inventore amet nobis aperiam.</td><td>Sit illo rerum aut debitis voluptatem ab quae.</td><td>Aliquam delectus dolore.</td></tr><tr><td>Beatae est quidem deleniti quo quia aut.</td><td>Occaecati eaque aut eligendi.</td><td>Maxime modi qui et delectus tempore ut.</td><td>Optio cum recusandae.</td><td>Neque vel.</td></tr></tbody></table><p>Laboriosam omnis sed molestias.</p></div></body></html>\n', '2025-08-15 12:09:45', '2025-08-03 01:06:51', NULL, NULL),
(47, 'vw2FISu2q9', 'DyEmqRnX6e', '5746297050124', 'ibrani.usamah@gmail.com', 657, 9555, 3225262, 'Option 3', 'Option 5', '[\"Option 1\",\"Option 2\",\"Option 3\"]', 'Facilis voluptas numquam consectetur. Et laudantium ea enim sed.', 'Option 3', '[\"Option 1\"]', '[\"Option 1\",\"Option 2\",\"Option 3\"]', 'Option 1,Option 2,Option 3', 'https://picsum.photos/200/300?random=47', 'https://picsum.photos/200/300?random=47', '1991-03-28', '22:43:56', '#86127e', 'Sunt unde tenetur est. Ab vel sequi ab sint libero quis. Sint quidem et error quisquam.', '<html><head><title>Voluptatum.</title></head><body><form action=\"example.net\" method=\"POST\"><label for=\"username\">dolor</label><input type=\"text\" id=\"username\"><label for=\"password\">rem</label><input type=\"password\" id=\"password\"></form><div id=\"83941\"><i>Provident qui molestiae.</i><i>Dolorum aut aut aut illum est repellat nisi placeat odio commodi.</i><i>Quis doloremque rerum consequatur assumenda perferendis.</i></div><div class=\"esse\"></div><div class=\"quia\"><a href=\"example.net\">Voluptatem autem ex.</a></div><div class=\"qui\"><i>Voluptas autem molestiae ut.</i><h1>Placeat aut provident.</h1></div></body></html>\n', '2025-08-03 10:58:45', '2025-08-07 06:30:06', NULL, NULL),
(48, 'Sfa60BNpcX', '1SiQLLSNRO', '7268527688313', 'rahimah.fathonah@anggraini.biz.id', 828, 457, 191339, 'Option 8', 'Option 8', '[\"Option 1\",\"Option 2\"]', 'Excepturi rerum dicta esse autem illum. Est et molestias voluptatem et velit maxime.', 'Option 3', '[\"Option 1\",\"Option 2\",\"Option 3\"]', '[\"Option 1\",\"Option 2\",\"Option 3\"]', 'Option 1,Option 2,Option 3', 'https://picsum.photos/200/300?random=48', 'https://picsum.photos/200/300?random=48', '1970-12-07', '00:13:27', '#636ec4', 'Voluptatibus eos et tenetur sit mollitia eos. Quis officia repellendus vitae accusantium.', '<html><head><title>Voluptas sint dolor ullam eum iure velit assumenda optio numquam.</title></head><body><form action=\"example.net\" method=\"POST\"><label for=\"username\">qui</label><input type=\"text\" id=\"username\"><label for=\"password\">eius</label><input type=\"password\" id=\"password\"></form><div id=\"6145\"><p>Exercitationem nulla tenetur.</p><h1>Ea non commodi et corporis cum quidem eius ab.</h1><p>Consequatur.</p><b>Praesentium tempora nam et porro eligendi tempora quis natus nisi voluptatum reiciendis earum.</b></div></body></html>\n', '2025-07-21 14:52:03', '2025-08-11 20:05:22', NULL, NULL),
(49, 'L00O7zFfre', 'EXlQn5LlFE', '4606306813151', 'gasti.najmudin@yahoo.co.id', 603, 3476, 6433561, 'Option 5', 'Option 5', '[\"Option 1\",\"Option 2\"]', 'Neque ad aut alias quia blanditiis laudantium debitis. Facere sunt reprehenderit nemo sit.', 'Option 3', '[\"Option 1\",\"Option 2\",\"Option 3\"]', '[\"Option 1\",\"Option 2\",\"Option 3\"]', 'Option 1,Option 2,Option 3', 'https://picsum.photos/200/300?random=49', 'https://picsum.photos/200/300?random=49', '1983-01-31', '04:32:39', '#4266b6', 'Omnis dolorum ut rem ratione deleniti ipsam vel. Voluptatibus aut incidunt rerum ratione.', '<html><head><title>Delectus labore perspiciatis.</title></head><body><form action=\"example.net\" method=\"POST\"><label for=\"username\">incidunt</label><input type=\"text\" id=\"username\"><label for=\"password\">aut</label><input type=\"password\" id=\"password\"></form><div class=\"nisi\"></div><div id=\"65422\"><div class=\"et\"></div><div class=\"ex\"></div><div class=\"enim\"></div></div><div class=\"non\">Consectetur et corrupti quia voluptatem.<span>Quo velit recusandae nostrum sed.</span><span>Voluptatem commodi ad et nobis cumque eveniet eaque.</span><a href=\"example.com\">Rerum omnis aut harum sunt ratione deserunt voluptate.</a></div></body></html>\n', '2025-08-10 04:06:05', '2025-07-30 09:22:25', 1, 1),
(50, 'iDw8Gtl3wL', 'r9PbmQvF2T', '8306492345264', 'opung.latupono@halimah.biz.id', 572, 8219, 1838179, 'Option 5', 'Option 3', '[\"Option 1\",\"Option 2\",\"Option 3\"]', 'Consequuntur placeat et error fugiat. Quis hic dolores eum sit.', 'Option 1', '[\"Option 1\",\"Option 2\"]', '[\"Option 1\",\"Option 2\"]', 'Option 1,Option 2', 'https://picsum.photos/200/300?random=50', 'https://picsum.photos/200/300?random=50', '2019-09-13', '18:53:12', '#75ebe8', 'Corporis ab in consequatur. Expedita ducimus quia esse ea. Eaque necessitatibus doloremque numquam.', '<html><head><title>Ad quia repellat cum ad doloribus at.</title></head><body><form action=\"example.com\" method=\"POST\"><label for=\"username\">aspernatur</label><input type=\"text\" id=\"username\"><label for=\"password\">hic</label><input type=\"password\" id=\"password\"></form><div class=\"rem\"><div id=\"81236\"><ul><li>Doloremque non.</li><li>Praesentium fugit doloremque.</li><li>Perspiciatis nostrum.</li><li>Rerum.</li></ul><h2>In error error eum deleniti nihil unde dolor dolor voluptates ipsam.</h2><h3>Voluptatem vitae sed et qui exercitationem adipisci qui.</h3></div><div class=\"iusto\">Nam similique sed.<p>Eius facere impedit a molestias.</p><b>Sed odit quos mollitia qui aut.</b><ul><li>Quaerat voluptatem.</li><li>Non et reiciendis.</li><li>Eum.</li><li>Et nihil.</li></ul></div><div class=\"suscipit\"></div><div id=\"48262\"><ul><li>Consequatur voluptatem velit.</li><li>Molestias incidunt.</li><li>Assumenda.</li></ul></div></div><div id=\"44740\"><div class=\"assumenda\"></div><div class=\"saepe\"><table><thead><tr><th>Mollitia qui consequatur.</th><th>Nisi.</th></tr></thead><tbody><tr><td>Itaque deserunt sequi totam exercitationem dolorem.</td><td>Id debitis magni dolorem et voluptatibus quia eaque quia.</td></tr><tr><td>Rem molestiae enim nulla et vitae.</td><td>A explicabo unde assumenda quisquam fugit id iusto ex.</td></tr><tr><td>Adipisci in omnis consequatur fuga incidunt.</td><td>Nostrum libero occaecati maiores quo excepturi ullam nemo et suscipit.</td></tr><tr><td>Voluptatem qui quam odio et.</td><td>Rerum suscipit placeat laudantium non eaque est in distinctio deserunt.</td></tr><tr><td>Aut.</td><td>Dolores quas aut dolorum at repellat nihil saepe dolores.</td></tr><tr><td>Ipsum velit quo.</td><td>Ut dolore necessitatibus.</td></tr></tbody></table><p>Aut et minima tempora illum est error repellat architecto libero rerum saepe molestiae.</p></div></div><div class=\"possimus\"></div></body></html>\n', '2025-07-22 23:51:10', '2025-08-08 11:53:10', 1, NULL),
(51, 'GGsO5IrQ8M', '0xWOyxYpO6', '0973220783025', 'hardiansyah.mutia@kurniawan.in', 440, 2506, 3600107, 'Option 4', 'Option 8', '[\"Option 1\",\"Option 2\",\"Option 3\"]', 'Et qui mollitia enim quasi cum. Quia rerum consequatur voluptatem a.', 'Option 3', '[\"Option 1\",\"Option 2\"]', '[\"Option 1\",\"Option 2\",\"Option 3\"]', 'Option 1,Option 2,Option 3', 'https://picsum.photos/200/300?random=51', 'https://picsum.photos/200/300?random=51', '1981-05-22', '21:33:18', '#b746fe', 'Perferendis distinctio accusamus vel facere. Ipsa esse laboriosam id.', '<html><head><title>Aut quae vel laboriosam non delectus neque voluptatibus quae laudantium.</title></head><body><form action=\"example.net\" method=\"POST\"><label for=\"username\">autem</label><input type=\"text\" id=\"username\"><label for=\"password\">nostrum</label><input type=\"password\" id=\"password\"></form><div id=\"89576\"></div><div class=\"tempore\"></div><div class=\"corrupti\"><h1>Sed qui assumenda repellat nostrum ad molestiae et.</h1><p>Illo veniam voluptatem est temporibus temporibus voluptatibus.</p><a href=\"example.com\">Qui quo voluptatem.</a><b>Ut repellat dolorem.</b></div></body></html>\n', '2025-08-10 21:37:59', '2025-08-06 05:07:04', 1, NULL),
(52, 'BZ0awvOPHa', 'qxWIsZyAcQ', '4133805274751', 'bnashiruddin@gmail.com', 937, 2029, 8052634, 'Option 6', 'Option 6', '[\"Option 1\",\"Option 2\",\"Option 3\"]', 'Est qui eos quis nesciunt. Dolor nesciunt minus possimus quia. Eum ad vitae voluptas.', 'Option 1', '[\"Option 1\",\"Option 2\",\"Option 3\"]', '[\"Option 1\"]', 'Option 1', 'https://picsum.photos/200/300?random=52', 'https://picsum.photos/200/300?random=52', '2019-03-12', '07:02:39', '#67a891', 'Provident sed quis expedita et est reprehenderit. Facere et sapiente modi occaecati sit sit vel.', '<html><head><title>Aut cumque doloribus est.</title></head><body><form action=\"example.com\" method=\"POST\"><label for=\"username\">nihil</label><input type=\"text\" id=\"username\"><label for=\"password\">explicabo</label><input type=\"password\" id=\"password\"></form><div id=\"64001\"><div class=\"dolores\"></div><div class=\"voluptatem\"></div><div class=\"assumenda\"></div><div id=\"67999\"></div></div></body></html>\n', '2025-08-13 21:11:49', '2025-08-01 03:54:36', NULL, NULL),
(53, '1LAdBTfe7s', '4FXXxmRnmS', '6426410906543', 'puspita.tugiman@maryati.info', 362, 5614, 6190352, 'Option 8', 'Option 8', '[\"Option 1\",\"Option 2\"]', 'At quos sed voluptatem qui. Non et ipsum odio aut. Sed unde voluptatem rerum quisquam aperiam.', 'Option 3', '[\"Option 1\",\"Option 2\",\"Option 3\"]', '[\"Option 1\",\"Option 2\"]', 'Option 1,Option 2', 'https://picsum.photos/200/300?random=53', 'https://picsum.photos/200/300?random=53', '1975-09-15', '09:27:44', '#34d099', 'Corrupti sit ipsa maxime dolores ut doloremque consequatur. Aliquam dolorem sint eum nostrum ut.', '<html><head><title>Rerum incidunt officia rerum.</title></head><body><form action=\"example.org\" method=\"POST\"><label for=\"username\">voluptas</label><input type=\"text\" id=\"username\"><label for=\"password\">rem</label><input type=\"password\" id=\"password\"></form><div id=\"68035\"></div><div id=\"93852\"><div class=\"voluptatem\"><i>Eius earum eligendi.</i>Tenetur placeat id.</div></div></body></html>\n', '2025-08-10 08:21:05', '2025-07-24 10:18:00', NULL, NULL),
(54, 'yeACVbg89T', 'uDs9OFKQF5', '7621219888727', 'wulan.damanik@mansur.co', 330, 7671, 2643508, 'Option 6', 'Option 5', '[\"Option 1\",\"Option 2\"]', 'Iste minima nostrum officiis laudantium deleniti nobis adipisci. Quod tempore error rem deserunt.', 'Option 2', '[\"Option 1\",\"Option 2\"]', '[\"Option 1\"]', 'Option 1', 'https://picsum.photos/200/300?random=54', 'https://picsum.photos/200/300?random=54', '2007-08-16', '03:11:26', '#699eda', 'Magni accusantium aliquid placeat. Quia error ipsam dolor. Sit eum fugit est nemo deserunt sequi.', '<html><head><title>Voluptas adipisci eveniet facere.</title></head><body><form action=\"example.org\" method=\"POST\"><label for=\"username\">fugiat</label><input type=\"text\" id=\"username\"><label for=\"password\">ut</label><input type=\"password\" id=\"password\"></form><div class=\"iure\"></div><div id=\"95337\"></div></body></html>\n', '2025-07-27 08:58:04', '2025-08-06 15:43:08', 1, NULL),
(55, 'mKJLuja8cx', 'cElk1DpQQO', '6263917948542', 'malik20@gmail.com', 626, 9861, 551028, 'Option 7', 'Option 5', '[\"Option 1\",\"Option 2\"]', 'Ipsam cum ut aspernatur architecto natus nulla qui. Magnam et ut quia quam.', 'Option 2', '[\"Option 1\"]', '[\"Option 1\"]', 'Option 1', 'https://picsum.photos/200/300?random=55', 'https://picsum.photos/200/300?random=55', '2022-01-29', '05:02:03', '#18c31e', 'Id nam consectetur quisquam voluptate. Rerum voluptas cupiditate adipisci.', '<html><head><title>Et dolores est illo quia maxime dolores.</title></head><body><form action=\"example.org\" method=\"POST\"><label for=\"username\">dolorem</label><input type=\"text\" id=\"username\"><label for=\"password\">eum</label><input type=\"password\" id=\"password\"></form><div id=\"79676\"></div><div id=\"47880\"></div></body></html>\n', '2025-07-28 02:33:13', '2025-08-14 22:14:15', NULL, 1),
(56, 'iPcdskw27L', 'sDLknSaSNy', '6693622042011', 'yani33@gmail.co.id', 14, 1050, 8508734, 'Option 1', 'Option 8', '[\"Option 1\",\"Option 2\",\"Option 3\"]', 'Rem rerum animi molestias. Ipsa quidem qui et temporibus occaecati voluptatem quidem.', 'Option 4', '[\"Option 1\",\"Option 2\",\"Option 3\"]', '[\"Option 1\",\"Option 2\"]', 'Option 1,Option 2', 'https://picsum.photos/200/300?random=56', 'https://picsum.photos/200/300?random=56', '1973-01-26', '01:18:05', '#b1fe14', 'Saepe expedita minima soluta pariatur est quaerat. In blanditiis error cum est possimus molestiae.', '<html><head><title>Est voluptatem voluptatem aut magni qui qui repudiandae.</title></head><body><form action=\"example.net\" method=\"POST\"><label for=\"username\">error</label><input type=\"text\" id=\"username\"><label for=\"password\">iure</label><input type=\"password\" id=\"password\"></form><div id=\"6765\"><div id=\"93226\"></div><div id=\"78659\"></div><div class=\"harum\"></div><div class=\"et\"></div></div></body></html>\n', '2025-08-11 17:37:00', '2025-07-26 13:58:47', 1, 1),
(57, 'FzBZf7Myvq', 'WAe0AhISwo', '8346599608664', 'kania47@gmail.com', 368, 7133, 7119507, 'Option 10', 'Option 1', '[\"Option 1\",\"Option 2\",\"Option 3\"]', 'Cupiditate recusandae iusto quod. Modi nulla ad quis qui.', 'Option 1', '[\"Option 1\",\"Option 2\"]', '[\"Option 1\"]', 'Option 1', 'https://picsum.photos/200/300?random=57', 'https://picsum.photos/200/300?random=57', '1978-07-13', '02:34:27', '#88f683', 'Et laudantium quasi rerum aliquam. Suscipit eos dicta ab velit.', '<html><head><title>Velit blanditiis ut et.</title></head><body><form action=\"example.net\" method=\"POST\"><label for=\"username\">repellendus</label><input type=\"text\" id=\"username\"><label for=\"password\">soluta</label><input type=\"password\" id=\"password\"></form><div class=\"fugit\"></div></body></html>\n', '2025-07-20 22:18:19', '2025-07-27 13:16:47', 1, NULL),
(58, '30l2q6ld3B', 'gqAUJNlHj4', '2260497745879', 'astuti.harjo@andriani.ac.id', 269, 3121, 2674043, 'Option 5', 'Option 8', '[\"Option 1\",\"Option 2\"]', 'Et qui quia magni animi. Dicta id modi est architecto reprehenderit.', 'Option 2', '[\"Option 1\"]', '[\"Option 1\",\"Option 2\",\"Option 3\"]', 'Option 1,Option 2,Option 3', 'https://picsum.photos/200/300?random=58', 'https://picsum.photos/200/300?random=58', '2018-11-09', '17:26:48', '#ddffef', 'Et tenetur qui esse et. Odit id corrupti ea. Hic explicabo nobis cumque perferendis.', '<html><head><title>Non expedita ex et.</title></head><body><form action=\"example.net\" method=\"POST\"><label for=\"username\">sit</label><input type=\"text\" id=\"username\"><label for=\"password\">voluptatem</label><input type=\"password\" id=\"password\"></form><div class=\"qui\"><span>Nobis sed sint inventore omnis ullam.</span></div><div class=\"autem\"></div><div id=\"52729\"></div></body></html>\n', '2025-07-19 00:18:14', '2025-07-23 18:53:24', NULL, NULL),
(59, 'HcEL666EOa', 'eEKQ832v8b', '9594158105942', 'knashiruddin@wasita.name', 172, 4270, 923733, 'Option 4', 'Option 4', '[\"Option 1\",\"Option 2\"]', 'Magnam ullam provident necessitatibus et sit ut dicta. Et ex iure sunt non.', 'Option 2', '[\"Option 1\",\"Option 2\",\"Option 3\"]', '[\"Option 1\"]', 'Option 1', 'https://picsum.photos/200/300?random=59', 'https://picsum.photos/200/300?random=59', '1991-09-27', '01:51:33', '#6bfe10', 'Illum qui et voluptate asperiores cumque eum. Eaque neque occaecati sed animi ullam vel non.', '<html><head><title>Beatae consequatur assumenda ipsum.</title></head><body><form action=\"example.net\" method=\"POST\"><label for=\"username\">neque</label><input type=\"text\" id=\"username\"><label for=\"password\">aut</label><input type=\"password\" id=\"password\"></form><div class=\"rerum\"></div><div class=\"quam\"></div></body></html>\n', '2025-08-02 05:07:23', '2025-07-22 03:14:09', NULL, NULL),
(60, 'Z3973f0UNI', 'LxgPQYBXp9', '3693934408027', 'puspita.mustika@pudjiastuti.mil.id', 847, 6580, 8066310, 'Option 1', 'Option 9', '[\"Option 1\"]', 'Quis deserunt labore architecto dolores et. Explicabo quia ea minima. Et consequatur eos est.', 'Option 3', '[\"Option 1\",\"Option 2\",\"Option 3\"]', '[\"Option 1\",\"Option 2\",\"Option 3\"]', 'Option 1,Option 2,Option 3', 'https://picsum.photos/200/300?random=60', 'https://picsum.photos/200/300?random=60', '1996-06-04', '21:32:53', '#2995f8', 'Facere necessitatibus rerum eos facere. Vitae rem enim beatae consequatur accusantium veniam eius.', '<html><head><title>Quia quae sit facilis et cum qui debitis.</title></head><body><form action=\"example.com\" method=\"POST\"><label for=\"username\">necessitatibus</label><input type=\"text\" id=\"username\"><label for=\"password\">temporibus</label><input type=\"password\" id=\"password\"></form><div id=\"42532\"><p>Voluptas et voluptatem.</p></div><div id=\"58516\"></div><div id=\"69359\">Facilis aperiam voluptas ut aut quas cum tempore sunt officiis illo et dolor.<i>Error rem voluptatem incidunt temporibus asperiores.</i></div><div id=\"34014\"></div></body></html>\n', '2025-07-30 12:03:33', '2025-08-09 17:58:00', 1, NULL),
(61, 'Zjr1O06zTE', 'Hyk3uk1ic9', '9122670723667', 'balamantri.haryanti@gmail.co.id', 71, 7716, 2741138, 'Option 3', 'Option 3', '[\"Option 1\"]', 'Quos sint molestiae facere distinctio. Nemo labore dolore sunt et consequatur.', 'Option 1', '[\"Option 1\",\"Option 2\",\"Option 3\"]', '[\"Option 1\",\"Option 2\"]', 'Option 1,Option 2', 'https://picsum.photos/200/300?random=61', 'https://picsum.photos/200/300?random=61', '2000-03-11', '19:29:22', '#20b0fc', 'Vel ut voluptatem consequuntur natus numquam. Et quisquam in rerum minima sit quam.', '<html><head><title>Amet non repellendus excepturi corrupti aut rerum sed.</title></head><body><form action=\"example.org\" method=\"POST\"><label for=\"username\">fugiat</label><input type=\"text\" id=\"username\"><label for=\"password\">assumenda</label><input type=\"password\" id=\"password\"></form><div class=\"quo\"><i>Et et sint praesentium fuga dolor quis beatae.</i><table><thead><tr><th>Doloribus suscipit cumque.</th><th>Sunt tempora quo voluptatibus.</th><th>Error dicta et ad.</th><th>Nam consequuntur.</th></tr></thead><tbody><tr><td>Recusandae magnam assumenda cum.</td><td>Laboriosam aut voluptas possimus illum alias.</td><td>Amet fugiat laborum sed.</td><td>Quis nihil.</td></tr><tr><td>Delectus velit iste quia laudantium dolor non recusandae.</td><td>Tempore laborum velit illo et.</td><td>Veritatis reiciendis.</td><td>Asperiores nulla iste quod iure voluptate consequatur alias.</td></tr><tr><td>Veritatis ex asperiores est eum est voluptates facilis quia.</td><td>Ut ut quas quo.</td><td>Quos eum nihil.</td><td>Est non omnis adipisci minus sint quis architecto enim eos maiores.</td></tr></tbody></table><p>Aut sint omnis.</p><a href=\"example.net\">Sed debitis et eveniet.</a></div><div id=\"34700\"><div id=\"43906\"><i>Illum nostrum ratione omnis ea.</i></div></div><div id=\"77282\"></div><div class=\"in\"></div></body></html>\n', '2025-08-02 17:20:18', '2025-08-16 18:10:09', NULL, 1),
(62, 'gRqkNjy1Wb', 'cw4zifS3Bz', '2322875089873', 'uchita17@yahoo.co.id', 521, 8789, 279628, 'Option 9', 'Option 7', '[\"Option 1\",\"Option 2\"]', 'Libero quia harum voluptatem. Officiis id beatae tempora autem doloribus ut. Et ad ut ullam.', 'Option 4', '[\"Option 1\"]', '[\"Option 1\",\"Option 2\"]', 'Option 1,Option 2', 'https://picsum.photos/200/300?random=62', 'https://picsum.photos/200/300?random=62', '1970-09-04', '07:51:54', '#f3c056', 'Eum tempora illo aut omnis. Expedita omnis quidem at modi cum.', '<html><head><title>Et est aspernatur culpa.</title></head><body><form action=\"example.org\" method=\"POST\"><label for=\"username\">occaecati</label><input type=\"text\" id=\"username\"><label for=\"password\">itaque</label><input type=\"password\" id=\"password\"></form><div id=\"39606\"></div><div class=\"officia\"></div><div class=\"velit\"><div class=\"ipsum\"></div></div></body></html>\n', '2025-07-28 17:18:51', '2025-08-13 23:41:04', NULL, NULL),
(63, 'gXGA5mx9c5', 'eGpKo9S8YJ', '5291722181459', 'skuswandari@gmail.co.id', 186, 246, 9973078, 'Option 5', 'Option 8', '[\"Option 1\"]', 'Voluptate et hic tempora quas culpa fugit sit. Ullam repudiandae minus et quo voluptas.', 'Option 1', '[\"Option 1\"]', '[\"Option 1\",\"Option 2\",\"Option 3\"]', 'Option 1,Option 2,Option 3', 'https://picsum.photos/200/300?random=63', 'https://picsum.photos/200/300?random=63', '2020-04-29', '14:27:16', '#4958d0', 'Odit minima autem esse deleniti consectetur sed. Repellat incidunt dolor fuga commodi aspernatur.', '<html><head><title>Earum vel doloribus eligendi quo.</title></head><body><form action=\"example.com\" method=\"POST\"><label for=\"username\">culpa</label><input type=\"text\" id=\"username\"><label for=\"password\">dolore</label><input type=\"password\" id=\"password\"></form><div id=\"97045\"></div></body></html>\n', '2025-07-29 19:28:21', '2025-08-17 00:33:42', NULL, 1),
(64, '5Tldntdso6', 'OCC08uxmL9', '4651490625110', 'widiastuti.rahman@yahoo.co.id', 563, 5967, 7066689, 'Option 4', 'Option 10', '[\"Option 1\",\"Option 2\"]', 'Nesciunt at est est nam voluptatum. Eligendi consequatur illo sunt reiciendis odit eos veritatis.', 'Option 3', '[\"Option 1\",\"Option 2\",\"Option 3\"]', '[\"Option 1\",\"Option 2\",\"Option 3\"]', 'Option 1,Option 2,Option 3', 'https://picsum.photos/200/300?random=64', 'https://picsum.photos/200/300?random=64', '1980-01-13', '17:49:25', '#71efdf', 'Ut totam molestiae quas cupiditate. Sapiente et et tempora maxime amet aliquam.', '<html><head><title>Blanditiis sint ipsam unde sit consequatur consequatur sit aspernatur est.</title></head><body><form action=\"example.net\" method=\"POST\"><label for=\"username\">ipsa</label><input type=\"text\" id=\"username\"><label for=\"password\">quis</label><input type=\"password\" id=\"password\"></form><div class=\"temporibus\">Esse velit error at.</div><div class=\"non\"><i>Harum placeat animi enim non non.</i><span>Ipsa perferendis necessitatibus dolorum adipisci possimus fuga unde vel commodi reiciendis est.</span></div><div id=\"90375\"></div><div id=\"94283\"><div id=\"95511\"></div><div id=\"71441\"></div><div id=\"24985\"></div><div class=\"deserunt\"></div></div></body></html>\n', '2025-08-07 18:19:58', '2025-07-21 09:49:07', NULL, NULL),
(65, 'AJII0cpRTZ', '3vE5CHaww7', '3056170016768', 'vhidayanto@yahoo.co.id', 573, 5806, 8810492, 'Option 10', 'Option 5', '[\"Option 1\",\"Option 2\",\"Option 3\"]', 'Fugit enim iste atque cupiditate numquam quia. Dolores dolorem et deleniti ut.', 'Option 3', '[\"Option 1\",\"Option 2\",\"Option 3\"]', '[\"Option 1\",\"Option 2\",\"Option 3\"]', 'Option 1,Option 2,Option 3', 'https://picsum.photos/200/300?random=65', 'https://picsum.photos/200/300?random=65', '1991-06-17', '00:25:54', '#06dd02', 'Ut qui doloremque quis veniam excepturi quasi. Maxime qui porro quasi quam suscipit.', '<html><head><title>Repellat soluta dolorum.</title></head><body><form action=\"example.org\" method=\"POST\"><label for=\"username\">quaerat</label><input type=\"text\" id=\"username\"><label for=\"password\">unde</label><input type=\"password\" id=\"password\"></form><div class=\"nobis\"></div><div id=\"63418\"><a href=\"example.net\">Repellendus id sed.</a>In repudiandae veritatis totam rerum molestiae exercitationem fugit.</div><div class=\"voluptas\"><ul><li>Doloribus et rerum quisquam.</li><li>Deleniti a.</li><li>Omnis.</li><li>Tempora.</li><li>Ex aliquam consequuntur aspernatur.</li><li>Beatae numquam facere et.</li><li>Facilis ullam quod iste dignissimos.</li></ul><i>Ipsum aspernatur dolorem quis et harum itaque ipsum quam tenetur et sed labore.</i></div></body></html>\n', '2025-07-31 13:34:33', '2025-08-09 21:45:17', 1, 1),
(66, 'KXNkBKwSBh', 'tLvg82HJ5a', '6454068757897', 'rkuswandari@anggraini.biz', 828, 6597, 9962952, 'Option 3', 'Option 4', '[\"Option 1\",\"Option 2\"]', 'Vero quo velit ea omnis at quia. Laudantium nam aut qui. In suscipit maiores repellat ea.', 'Option 1', '[\"Option 1\"]', '[\"Option 1\",\"Option 2\"]', 'Option 1,Option 2', 'https://picsum.photos/200/300?random=66', 'https://picsum.photos/200/300?random=66', '2005-01-23', '05:06:57', '#5ffd68', 'Magni nostrum esse unde unde ex. Aut vero ab et. Voluptatibus voluptatem est atque sit eum omnis.', '<html><head><title>Veritatis velit enim ratione nihil.</title></head><body><form action=\"example.org\" method=\"POST\"><label for=\"username\">ullam</label><input type=\"text\" id=\"username\"><label for=\"password\">nihil</label><input type=\"password\" id=\"password\"></form><div id=\"940\"><table><thead><tr><th>Aperiam rerum.</th></tr></thead><tbody><tr><td>Tempora distinctio soluta suscipit dolores.</td></tr><tr><td>Aut soluta veniam facere dolor expedita.</td></tr><tr><td>Nobis accusantium est non ipsa qui alias.</td></tr><tr><td>Voluptas illum.</td></tr><tr><td>Eos ut et voluptas ad.</td></tr></tbody></table><ul><li>Ex cumque.</li><li>Laboriosam ea neque soluta dolores et.</li><li>Saepe sequi.</li><li>Dolor ullam nihil.</li><li>Eos.</li><li>Illum voluptatibus unde fugit quas.</li><li>Id error quae porro.</li><li>Itaque repudiandae.</li><li>Id blanditiis.</li></ul><b>Cumque quaerat.</b><p>Aut quisquam ullam.</p></div></body></html>\n', '2025-08-03 11:13:21', '2025-08-04 10:48:51', 1, 1);
INSERT INTO `crud_examples` (`id`, `text`, `barcode`, `qr_code`, `email`, `number`, `currency`, `currency_idr`, `select`, `select2`, `select2_multiple`, `textarea`, `radio`, `checkbox`, `checkbox2`, `tags`, `file`, `image`, `date`, `time`, `color`, `summernote_simple`, `summernote`, `created_at`, `updated_at`, `created_by_id`, `last_updated_by_id`) VALUES
(67, 'Xz07MKcMDG', 'dNHqViFvQn', '0143702729760', 'madriansyah@najmudin.id', 153, 8290, 2698014, 'Option 4', 'Option 4', '[\"Option 1\"]', 'Labore aperiam dolorem est. Molestiae eaque commodi eos perferendis nisi.', 'Option 1', '[\"Option 1\"]', '[\"Option 1\",\"Option 2\"]', 'Option 1,Option 2', 'https://picsum.photos/200/300?random=67', 'https://picsum.photos/200/300?random=67', '1996-09-30', '00:08:59', '#79279f', 'Vel enim qui nulla. Vitae vel aut illo. Quo necessitatibus illum totam qui.', '<html><head><title>Voluptatem facere beatae.</title></head><body><form action=\"example.net\" method=\"POST\"><label for=\"username\">aliquam</label><input type=\"text\" id=\"username\"><label for=\"password\">voluptatem</label><input type=\"password\" id=\"password\"></form><div id=\"14519\"><div id=\"51341\"><b>Sed quam sed assumenda veniam illum.</b>Aut quia incidunt voluptatem voluptates occaecati voluptatem excepturi dolore est.<a href=\"example.com\">Aut ipsum.</a><i>Quos assumenda sint maiores ad quae.</i></div><div class=\"est\"></div><div id=\"31902\">Quas et mollitia quisquam quidem itaque.<a href=\"example.com\">Veritatis distinctio et distinctio qui.</a></div><div class=\"sunt\"></div></div><div class=\"qui\"><i>Eligendi consectetur nisi consequatur libero aspernatur nisi dolore repellat magni.</i></div><div class=\"repellendus\"><div id=\"96940\"></div><div id=\"16792\"></div><div id=\"47393\"><table><thead><tr><th>Nisi dolorem.</th></tr></thead><tbody><tr><td>Veniam molestiae.</td></tr><tr><td>Soluta suscipit.</td></tr><tr><td>Sed molestiae accusamus voluptatem quisquam.</td></tr><tr><td>Dolorum sed iure.</td></tr><tr><td>Quos accusantium asperiores alias placeat.</td></tr><tr><td>Et voluptate praesentium sunt vero earum blanditiis.</td></tr><tr><td>Beatae ratione repellat velit distinctio consequatur velit impedit et nihil sit eum.</td></tr><tr><td>Dicta reprehenderit et enim officia perferendis.</td></tr></tbody></table><ul><li>Consequatur aliquid.</li><li>Nam quis et necessitatibus.</li><li>Consequatur reiciendis et consequatur aut enim.</li><li>Itaque est accusantium.</li><li>Consectetur ad.</li><li>Excepturi ratione eum aut.</li><li>Ea modi unde officiis.</li><li>Facilis ut nisi minus.</li><li>Modi.</li></ul>Nesciunt et at porro dignissimos aut molestiae exercitationem.</div><div class=\"aspernatur\">Architecto maxime quia possimus hic.<h1>Dolorem.</h1><h1>Mollitia voluptates qui aut labore deleniti rem doloribus.</h1><i>Quos eos tempore voluptas fuga.</i></div></div><div id=\"3230\"><span>Neque voluptatem ratione et cum laborum illum omnis est voluptates fugit est sint.</span><i>Dolorem incidunt nobis ut amet repellat.</i><table><thead><tr><th>Vero autem illo.</th></tr></thead><tbody><tr><td>Iusto maiores eveniet deserunt voluptatem omnis minima reiciendis distinctio.</td></tr><tr><td>Iusto blanditiis at iure.</td></tr><tr><td>Sit dolores mollitia molestiae animi quo animi in molestias dolorum.</td></tr><tr><td>Magni sint cumque nihil odio.</td></tr><tr><td>Et amet dolor repellat occaecati qui voluptas maiores.</td></tr><tr><td>Totam architecto consequatur aut officia quidem quasi officia.</td></tr><tr><td>Architecto dolore debitis consequatur sed sapiente.</td></tr><tr><td>Error labore atque velit corrupti deleniti esse.</td></tr><tr><td>Sunt sed temporibus qui accusantium aut.</td></tr><tr><td>Officia odio ut unde consequatur modi.</td></tr></tbody></table></div></body></html>\n', '2025-08-04 11:53:00', '2025-07-25 13:54:22', NULL, 1),
(68, 'VyRUk9fbli', 'zUM7F6niyI', '0696632912455', 'zsuwarno@wibisono.my.id', 984, 5696, 8569199, 'Option 9', 'Option 4', '[\"Option 1\",\"Option 2\",\"Option 3\"]', 'Quasi culpa est dolores earum et. At consectetur et ullam beatae mollitia sed.', 'Option 1', '[\"Option 1\",\"Option 2\"]', '[\"Option 1\",\"Option 2\",\"Option 3\"]', 'Option 1,Option 2,Option 3', 'https://picsum.photos/200/300?random=68', 'https://picsum.photos/200/300?random=68', '1992-08-18', '04:41:52', '#124e1c', 'Ut libero facilis a aut. Voluptatem aut dicta aut.', '<html><head><title>Quam debitis pariatur.</title></head><body><form action=\"example.org\" method=\"POST\"><label for=\"username\">qui</label><input type=\"text\" id=\"username\"><label for=\"password\">aperiam</label><input type=\"password\" id=\"password\"></form><div id=\"10632\"></div><div id=\"24368\"><h2>Rerum odit facilis voluptas aspernatur.</h2></div></body></html>\n', '2025-07-24 04:47:31', '2025-07-22 13:47:09', NULL, 1),
(69, 'lNU8oZDIhO', 'pGMxmERC6p', '8776356181077', 'gaduh04@pradana.web.id', 849, 2670, 1909139, 'Option 6', 'Option 6', '[\"Option 1\",\"Option 2\",\"Option 3\"]', 'Voluptas qui rem amet quidem et qui laborum. Eum architecto sed tempore autem reiciendis.', 'Option 4', '[\"Option 1\"]', '[\"Option 1\",\"Option 2\"]', 'Option 1,Option 2', 'https://picsum.photos/200/300?random=69', 'https://picsum.photos/200/300?random=69', '2011-09-13', '08:48:59', '#d91cd6', 'Fugit voluptate sunt excepturi facilis. Praesentium aut nemo necessitatibus ad.', '<html><head><title>Voluptas at sunt qui maxime omnis ut.</title></head><body><form action=\"example.org\" method=\"POST\"><label for=\"username\">earum</label><input type=\"text\" id=\"username\"><label for=\"password\">dolore</label><input type=\"password\" id=\"password\"></form><div class=\"eos\"></div><div class=\"porro\"><h1>Maiores consequatur dicta inventore sed voluptas.</h1>Fuga.<b>Mollitia est enim minus omnis totam earum eum aliquam.</b></div><div class=\"ut\"><div id=\"98525\"></div></div></body></html>\n', '2025-08-13 06:48:03', '2025-08-07 03:00:13', 1, NULL),
(70, '7bQ9XyBeq7', 'B9eTZwgCER', '7430167170682', 'suartini.parman@gmail.com', 133, 6362, 8569503, 'Option 2', 'Option 9', '[\"Option 1\",\"Option 2\",\"Option 3\"]', 'Sit iste earum aut. Qui culpa commodi voluptatem quia sint.', 'Option 3', '[\"Option 1\"]', '[\"Option 1\"]', 'Option 1', 'https://picsum.photos/200/300?random=70', 'https://picsum.photos/200/300?random=70', '1981-10-17', '23:18:47', '#2594ce', 'Deserunt dolores non rerum in. Rerum omnis vel alias officiis quis eius nemo adipisci.', '<html><head><title>Quasi rerum aut est.</title></head><body><form action=\"example.com\" method=\"POST\"><label for=\"username\">temporibus</label><input type=\"text\" id=\"username\"><label for=\"password\">odio</label><input type=\"password\" id=\"password\"></form><div id=\"27069\"></div><div class=\"aut\"></div><div class=\"nulla\"><div id=\"24718\"></div><div class=\"et\"><span>Et libero et.</span><p>In quos sapiente quae commodi accusantium fugit molestias debitis modi rem voluptatem.</p><a href=\"example.com\">Asperiores est dolorum cumque.</a><a href=\"example.net\">Cumque amet dolorem a quia.</a></div></div></body></html>\n', '2025-08-13 06:22:52', '2025-07-29 10:02:45', 1, 1),
(71, '8FOjNGIXZK', '0jcJAdcVXr', '0892972680089', 'dhasanah@gmail.com', 226, 7556, 5981442, 'Option 1', 'Option 8', '[\"Option 1\"]', 'Voluptatem et tempore quo et id incidunt. Illo aut dignissimos omnis incidunt iure.', 'Option 4', '[\"Option 1\",\"Option 2\"]', '[\"Option 1\",\"Option 2\"]', 'Option 1,Option 2', 'https://picsum.photos/200/300?random=71', 'https://picsum.photos/200/300?random=71', '1991-07-19', '06:03:49', '#859bfb', 'Quos veritatis placeat aut aut. Reprehenderit ut ex tempora dolorem culpa.', '<html><head><title>Qui quaerat nostrum totam veritatis.</title></head><body><form action=\"example.org\" method=\"POST\"><label for=\"username\">sunt</label><input type=\"text\" id=\"username\"><label for=\"password\">dolorem</label><input type=\"password\" id=\"password\"></form><div id=\"33915\"></div></body></html>\n', '2025-08-10 00:44:27', '2025-08-17 14:11:27', 1, 1),
(72, 'wHTsUO7aQR', 'IewZDuDOwF', '8936762048603', 'upurwanti@yahoo.co.id', 329, 912, 6597607, 'Option 7', 'Option 5', '[\"Option 1\",\"Option 2\",\"Option 3\"]', 'Molestiae ut est rerum vitae omnis. Quia dolor nemo voluptas. Hic pariatur molestiae omnis tempora.', 'Option 2', '[\"Option 1\",\"Option 2\",\"Option 3\"]', '[\"Option 1\"]', 'Option 1', 'https://picsum.photos/200/300?random=72', 'https://picsum.photos/200/300?random=72', '2008-04-06', '07:48:38', '#7b4b86', 'Totam qui eos velit et vero laudantium. Et maxime voluptate in repudiandae.', '<html><head><title>Ipsam aut minus soluta dolore quis voluptatem et autem.</title></head><body><form action=\"example.com\" method=\"POST\"><label for=\"username\">amet</label><input type=\"text\" id=\"username\"><label for=\"password\">expedita</label><input type=\"password\" id=\"password\"></form><div id=\"64349\"><div class=\"est\">Quam impedit accusantium velit.<p>Non sit nemo nobis minus voluptatum earum.</p><span>Aspernatur.</span><span>Corporis dicta voluptatem aperiam officia ipsa sapiente optio aperiam voluptatem aliquid cumque iusto temporibus.</span></div><div class=\"enim\"><b>Consectetur est harum officia suscipit dolores.</b></div></div><div class=\"atque\"><div id=\"5979\"></div><div id=\"24386\"></div><div class=\"velit\"></div><div id=\"70811\"></div></div><div id=\"42723\"><span>Aliquid culpa iure culpa alias quisquam nobis cum.</span><i>Blanditiis laborum laborum aut dolorem libero vel ut voluptatum ullam in.</i></div><div id=\"49793\"></div></body></html>\n', '2025-07-31 22:45:54', '2025-08-17 13:04:48', NULL, 1),
(73, 'OEBQowN2Po', 'bo0XKjAn8h', '8032529763748', 'gawati12@gmail.com', 854, 5002, 5586160, 'Option 5', 'Option 9', '[\"Option 1\",\"Option 2\",\"Option 3\"]', 'Quis debitis vitae quis porro necessitatibus. Dolore et ratione ipsum ullam aspernatur.', 'Option 4', '[\"Option 1\",\"Option 2\"]', '[\"Option 1\",\"Option 2\",\"Option 3\"]', 'Option 1,Option 2,Option 3', 'https://picsum.photos/200/300?random=73', 'https://picsum.photos/200/300?random=73', '1984-03-15', '05:41:43', '#55f4db', 'Eos quia ut voluptatem. Dicta sunt a similique doloribus. Laborum vero nemo amet nam illo.', '<html><head><title>Quasi sequi voluptatum quia saepe veniam aspernatur ut.</title></head><body><form action=\"example.org\" method=\"POST\"><label for=\"username\">vel</label><input type=\"text\" id=\"username\"><label for=\"password\">consequatur</label><input type=\"password\" id=\"password\"></form><div class=\"dolore\"><div id=\"3881\"></div></div><div class=\"ab\">Omnis veniam dolorem est quos voluptatibus dolores quae unde.<h1>Aut ut animi.</h1><span>Recusandae enim beatae.</span></div><div id=\"7770\"></div><div id=\"1659\"></div></body></html>\n', '2025-07-31 01:17:41', '2025-08-06 02:01:10', NULL, 1),
(74, 'yetNyiDFu1', 'PoDb6IaAgR', '1727250379654', 'luyainah@nasyiah.net', 799, 6582, 829454, 'Option 3', 'Option 8', '[\"Option 1\",\"Option 2\",\"Option 3\"]', 'Qui doloremque quia sit sit laudantium. Deleniti explicabo quis dignissimos.', 'Option 1', '[\"Option 1\"]', '[\"Option 1\"]', 'Option 1', 'https://picsum.photos/200/300?random=74', 'https://picsum.photos/200/300?random=74', '1994-01-18', '09:47:23', '#caaa88', 'Nulla aperiam eum excepturi nihil autem. Eum quaerat nisi quas quibusdam et dolor itaque.', '<html><head><title>Omnis nesciunt.</title></head><body><form action=\"example.org\" method=\"POST\"><label for=\"username\">laboriosam</label><input type=\"text\" id=\"username\"><label for=\"password\">et</label><input type=\"password\" id=\"password\"></form><div class=\"ea\"></div></body></html>\n', '2025-08-11 18:42:26', '2025-07-18 15:37:49', 1, 1),
(75, 'gfvWYxoEpd', 'l7uY9QmaJv', '6295485674783', 'napitupulu.jaiman@manullang.go.id', 530, 2859, 6782748, 'Option 5', 'Option 2', '[\"Option 1\"]', 'Hic quasi quaerat provident quos. Temporibus cupiditate quis dolores mollitia ea ut dicta.', 'Option 2', '[\"Option 1\"]', '[\"Option 1\"]', 'Option 1', 'https://picsum.photos/200/300?random=75', 'https://picsum.photos/200/300?random=75', '2009-06-17', '13:02:02', '#217009', 'Aut itaque nisi incidunt veniam occaecati consequatur. Aut similique ipsam quasi aliquid ullam.', '<html><head><title>Expedita aut nemo ut sed architecto et.</title></head><body><form action=\"example.com\" method=\"POST\"><label for=\"username\">fuga</label><input type=\"text\" id=\"username\"><label for=\"password\">debitis</label><input type=\"password\" id=\"password\"></form><div class=\"ut\"></div></body></html>\n', '2025-08-15 18:20:07', '2025-07-20 19:53:40', 1, 1),
(76, 'W75fLIzomJ', 'DYVZYu1RTH', '6643742311450', 'ophelia.pratama@najmudin.id', 971, 8743, 4573715, 'Option 8', 'Option 4', '[\"Option 1\",\"Option 2\",\"Option 3\"]', 'Aut iure voluptatem et rerum est temporibus. Maiores voluptas atque sit quis quas deserunt.', 'Option 3', '[\"Option 1\"]', '[\"Option 1\",\"Option 2\",\"Option 3\"]', 'Option 1,Option 2,Option 3', 'https://picsum.photos/200/300?random=76', 'https://picsum.photos/200/300?random=76', '1986-07-05', '16:51:55', '#c4636b', 'Consequatur laborum atque molestiae. Fugiat aspernatur vero voluptatem ipsum voluptas culpa.', '<html><head><title>Et maxime.</title></head><body><form action=\"example.org\" method=\"POST\"><label for=\"username\">cumque</label><input type=\"text\" id=\"username\"><label for=\"password\">optio</label><input type=\"password\" id=\"password\"></form><div class=\"dolor\"><div class=\"quam\"></div><div id=\"8490\"></div><div class=\"a\"></div></div><div class=\"qui\"></div><div id=\"36612\"><div id=\"84122\"><ul><li>Praesentium mollitia maxime iure.</li><li>Velit dolores omnis.</li><li>Tenetur accusamus ipsa quos.</li><li>Vero et.</li><li>Est.</li><li>Harum ratione.</li><li>Dolores ea corporis.</li><li>Ipsam dicta omnis.</li><li>Quo numquam velit.</li></ul>Sit eum.</div><div class=\"ad\"><i>Aut esse sed.</i><ul><li>Sunt omnis tempora.</li><li>Ipsa omnis.</li><li>Sit sed enim.</li><li>Pariatur quae sed.</li><li>Culpa.</li><li>Suscipit.</li><li>Est fuga.</li></ul>Molestias ipsum sint quasi quod laudantium doloribus doloribus quas quia quo laudantium.Harum commodi ipsam id necessitatibus non nulla recusandae.</div><div id=\"69719\"></div><div id=\"90654\"></div></div></body></html>\n', '2025-08-14 06:01:21', '2025-07-18 19:14:27', NULL, NULL),
(77, '7ut5nzZrMT', 'LtQ5GM4ptt', '7383962100555', 'zsalahudin@gmail.com', 961, 4223, 4928135, 'Option 1', 'Option 7', '[\"Option 1\",\"Option 2\",\"Option 3\"]', 'Autem omnis aut numquam. A suscipit quae et. Autem iusto saepe labore iusto est sed.', 'Option 3', '[\"Option 1\"]', '[\"Option 1\"]', 'Option 1', 'https://picsum.photos/200/300?random=77', 'https://picsum.photos/200/300?random=77', '2025-01-28', '05:29:51', '#25f7d5', 'Tempore esse magnam non veritatis velit sunt. Aut voluptatem nam ullam quae nihil.', '<html><head><title>Est totam sint dolorum quos officiis.</title></head><body><form action=\"example.com\" method=\"POST\"><label for=\"username\">quia</label><input type=\"text\" id=\"username\"><label for=\"password\">magnam</label><input type=\"password\" id=\"password\"></form><div class=\"qui\"><div id=\"77464\"></div><div class=\"possimus\"></div></div><div class=\"sint\"></div><div class=\"libero\"></div><div class=\"praesentium\"></div></body></html>\n', '2025-08-07 21:27:22', '2025-08-02 13:29:31', 1, 1),
(78, 'jBqAL53oyk', 'kPjGkQZ4Ys', '5884273375783', 'emil.nasyiah@gmail.co.id', 915, 796, 4535100, 'Option 10', 'Option 7', '[\"Option 1\",\"Option 2\",\"Option 3\"]', 'Vitae ut iure dolores. Qui id assumenda sit ipsam id. Voluptatum veniam eum quod enim.', 'Option 4', '[\"Option 1\",\"Option 2\",\"Option 3\"]', '[\"Option 1\"]', 'Option 1', 'https://picsum.photos/200/300?random=78', 'https://picsum.photos/200/300?random=78', '1987-01-18', '21:20:16', '#5c5f7c', 'Quo et maxime explicabo commodi libero. Vitae aut in incidunt architecto deleniti.', '<html><head><title>Est in cum laudantium amet incidunt a.</title></head><body><form action=\"example.com\" method=\"POST\"><label for=\"username\">aliquam</label><input type=\"text\" id=\"username\"><label for=\"password\">tempore</label><input type=\"password\" id=\"password\"></form><div class=\"et\"></div><div id=\"61387\"></div></body></html>\n', '2025-08-03 13:14:40', '2025-07-18 18:37:22', 1, 1),
(79, 'mwDbeYPuZd', 'yfpfniItdh', '3742854524420', 'mwijaya@gmail.co.id', 545, 3828, 7342335, 'Option 10', 'Option 4', '[\"Option 1\",\"Option 2\"]', 'Officiis est temporibus minus minima. Neque autem consequuntur hic.', 'Option 2', '[\"Option 1\",\"Option 2\",\"Option 3\"]', '[\"Option 1\"]', 'Option 1', 'https://picsum.photos/200/300?random=79', 'https://picsum.photos/200/300?random=79', '2020-08-27', '18:03:59', '#2fd075', 'Quas non repellendus sint distinctio. Temporibus est excepturi ullam explicabo.', '<html><head><title>Quia ut libero et vel et.</title></head><body><form action=\"example.net\" method=\"POST\"><label for=\"username\">perspiciatis</label><input type=\"text\" id=\"username\"><label for=\"password\">et</label><input type=\"password\" id=\"password\"></form><div class=\"dolorem\"><div class=\"magni\"></div><div id=\"71071\"></div><div id=\"3056\"></div></div><div id=\"79877\"><div class=\"quos\">Est maiores qui est voluptas distinctio et et et reprehenderit.</div><div class=\"velit\"></div><div class=\"sit\"><p>Necessitatibus dicta dolorem.</p><b>Explicabo quis iure et consequatur sint cupiditate.</b><ul><li>Sed adipisci incidunt incidunt et.</li><li>Earum quia.</li></ul></div><div id=\"57075\"></div></div><div id=\"30509\"><div id=\"99212\"></div><div id=\"13819\"></div><div class=\"vitae\"></div><div class=\"id\"></div></div></body></html>\n', '2025-07-19 22:19:35', '2025-07-28 03:52:08', 1, NULL),
(80, 'lC7yGbFnTU', 'g1YKpdptNO', '4631758314765', 'iswahyudi.cinthia@gmail.co.id', 510, 5696, 835890, 'Option 1', 'Option 3', '[\"Option 1\",\"Option 2\",\"Option 3\"]', 'Sit fugiat reiciendis aspernatur qui assumenda. Quos qui eveniet alias voluptas sunt facilis.', 'Option 1', '[\"Option 1\",\"Option 2\"]', '[\"Option 1\",\"Option 2\"]', 'Option 1,Option 2', 'https://picsum.photos/200/300?random=80', 'https://picsum.photos/200/300?random=80', '1995-03-30', '07:46:57', '#3bd744', 'Nisi impedit ab ullam voluptatem. Dolores quia magni error nesciunt ipsum est cum.', '<html><head><title>Ab voluptatem ut expedita autem eligendi magni accusantium est quas ut velit quod in.</title></head><body><form action=\"example.org\" method=\"POST\"><label for=\"username\">dolorum</label><input type=\"text\" id=\"username\"><label for=\"password\">at</label><input type=\"password\" id=\"password\"></form><div class=\"ex\"></div><div class=\"est\"><p>Voluptatem pariatur voluptatem.</p></div><div class=\"eos\"></div><div id=\"97434\"></div></body></html>\n', '2025-08-16 04:57:14', '2025-08-16 19:47:12', 1, NULL),
(81, 'pyhoblNGet', 'IfpSC3SLPA', '0765003261352', 'ljanuar@gmail.co.id', 295, 2818, 4711439, 'Option 2', 'Option 3', '[\"Option 1\",\"Option 2\"]', 'Sequi ad at ut. Doloremque iure animi accusamus modi. Amet sed et maiores vitae.', 'Option 1', '[\"Option 1\",\"Option 2\",\"Option 3\"]', '[\"Option 1\",\"Option 2\",\"Option 3\"]', 'Option 1,Option 2,Option 3', 'https://picsum.photos/200/300?random=81', 'https://picsum.photos/200/300?random=81', '1998-02-18', '23:23:02', '#5548c9', 'Tenetur delectus consequuntur nulla cum quo architecto sed. Labore atque repudiandae esse.', '<html><head><title>Totam ipsum eveniet aut a aut veniam in harum.</title></head><body><form action=\"example.com\" method=\"POST\"><label for=\"username\">non</label><input type=\"text\" id=\"username\"><label for=\"password\">molestias</label><input type=\"password\" id=\"password\"></form><div id=\"6319\"></div><div class=\"reprehenderit\"><div class=\"incidunt\"></div></div><div class=\"nam\"></div><div class=\"et\"></div></body></html>\n', '2025-07-20 14:18:16', '2025-08-11 00:00:32', 1, NULL),
(82, '8b23ApSFKe', 'MYY04wzbma', '5036570517094', 'maman.padmasari@fujiati.co.id', 760, 8545, 8308622, 'Option 4', 'Option 6', '[\"Option 1\",\"Option 2\",\"Option 3\"]', 'Et autem consequatur neque nulla ipsum molestiae. Et et nesciunt in porro laudantium et.', 'Option 4', '[\"Option 1\",\"Option 2\",\"Option 3\"]', '[\"Option 1\",\"Option 2\"]', 'Option 1,Option 2', 'https://picsum.photos/200/300?random=82', 'https://picsum.photos/200/300?random=82', '1992-12-26', '21:20:47', '#65152d', 'Rerum officia ratione quam. Id ipsa sit minima id aut ipsa. Alias temporibus sapiente omnis.', '<html><head><title>Ut sit sunt.</title></head><body><form action=\"example.org\" method=\"POST\"><label for=\"username\">aut</label><input type=\"text\" id=\"username\"><label for=\"password\">eveniet</label><input type=\"password\" id=\"password\"></form><div class=\"et\"></div><div class=\"eos\"></div></body></html>\n', '2025-08-04 00:17:09', '2025-07-21 02:41:51', NULL, NULL),
(83, 'tZbrIU1gSX', 'DLAYy4z27g', '5112129278248', 'yulianti.paiman@yahoo.co.id', 939, 2836, 8719325, 'Option 3', 'Option 10', '[\"Option 1\",\"Option 2\",\"Option 3\"]', 'Commodi qui aut et qui qui et id. Earum earum facere facilis.', 'Option 2', '[\"Option 1\"]', '[\"Option 1\",\"Option 2\"]', 'Option 1,Option 2', 'https://picsum.photos/200/300?random=83', 'https://picsum.photos/200/300?random=83', '1999-03-04', '12:17:34', '#ce9c41', 'Debitis quaerat esse aspernatur eos exercitationem quia nam. Sed dolor et quia necessitatibus.', '<html><head><title>Repellat ut aut.</title></head><body><form action=\"example.com\" method=\"POST\"><label for=\"username\">quae</label><input type=\"text\" id=\"username\"><label for=\"password\">omnis</label><input type=\"password\" id=\"password\"></form><div id=\"76647\"><div class=\"minima\"><ul><li>Voluptatibus eligendi.</li></ul>Sequi non.At est tempore cupiditate eveniet ratione nesciunt dolores aut aspernatur voluptatem inventore.Et ducimus.</div><div id=\"63659\"></div><div id=\"73581\"><table><thead><tr><th>Ea consequatur sed.</th><th>Quasi laudantium iste.</th><th>Mollitia vel.</th></tr></thead><tbody><tr><td>Et natus iusto impedit.</td><td>Eaque rerum ipsa nihil officiis quos beatae non voluptates autem.</td><td>Id ea quasi explicabo laudantium sed minus vero ea magnam.</td></tr><tr><td>Quasi dolores ut aliquid ut aut incidunt.</td><td>Iure voluptatem ullam voluptate rerum ducimus.</td><td>Quia veritatis odio non assumenda accusamus aut fugit at.</td></tr><tr><td>Autem quidem ex sed laudantium.</td><td>Itaque autem molestias doloremque libero asperiores praesentium qui.</td><td>Dignissimos doloribus eum nam exercitationem dolor.</td></tr></tbody></table><p>Repudiandae suscipit est voluptatibus quod minus.</p><i>Hic eius occaecati et voluptatum dolor aspernatur reiciendis corrupti sit.</i></div></div></body></html>\n', '2025-08-08 05:48:45', '2025-08-14 08:33:43', 1, NULL),
(84, 'viZYN1hmlP', 'H2VAd4kbHE', '4453176662668', 'csaptono@mandasari.info', 75, 6696, 4700814, 'Option 5', 'Option 2', '[\"Option 1\",\"Option 2\",\"Option 3\"]', 'Quia ipsum modi aut. Et omnis dignissimos iure explicabo aut. Id officiis repellendus aut earum.', 'Option 2', '[\"Option 1\",\"Option 2\"]', '[\"Option 1\",\"Option 2\",\"Option 3\"]', 'Option 1,Option 2,Option 3', 'https://picsum.photos/200/300?random=84', 'https://picsum.photos/200/300?random=84', '2002-11-08', '15:38:39', '#c40cce', 'Quod omnis veritatis voluptatem velit sequi. Voluptates quia enim inventore labore.', '<html><head><title>Tempora sed ipsa ipsum alias nesciunt corrupti.</title></head><body><form action=\"example.org\" method=\"POST\"><label for=\"username\">nobis</label><input type=\"text\" id=\"username\"><label for=\"password\">quam</label><input type=\"password\" id=\"password\"></form><div id=\"29479\"></div><div id=\"95043\"><div id=\"16019\"></div></div><div id=\"14982\"><div class=\"vel\"><table><thead><tr><th>Est ea qui.</th></tr></thead><tbody><tr><td>Fuga voluptatibus.</td></tr><tr><td>Dolorum rerum quis molestiae voluptas in tempora consequuntur enim.</td></tr><tr><td>Tempore voluptas amet minus amet consequatur.</td></tr><tr><td>Aut cupiditate ipsa mollitia suscipit et sunt rerum.</td></tr><tr><td>Nemo ex dolorum officiis nostrum possimus aut ut placeat.</td></tr><tr><td>Minus voluptatem et recusandae non et.</td></tr><tr><td>Molestiae quaerat perferendis quae ullam atque temporibus suscipit dolor.</td></tr></tbody></table><ul><li>Voluptatem ipsam.</li><li>Reiciendis impedit.</li><li>Nam deleniti autem.</li><li>Blanditiis ea.</li><li>Officia quia unde.</li><li>Tempora dolores repudiandae omnis.</li><li>In iusto eos libero.</li></ul>Nihil aperiam quae.<p>Iusto blanditiis.</p></div></div></body></html>\n', '2025-07-24 23:29:36', '2025-07-19 17:12:45', 1, 1),
(85, 'W9P4JO81WV', '1BsWMkWKeA', '9221988156164', 'uwais.vicky@halim.biz.id', 398, 5336, 7285484, 'Option 5', 'Option 3', '[\"Option 1\",\"Option 2\",\"Option 3\"]', 'Vel rem qui vel voluptatem labore et reprehenderit. Repellendus incidunt id quod et quod.', 'Option 2', '[\"Option 1\",\"Option 2\"]', '[\"Option 1\",\"Option 2\"]', 'Option 1,Option 2', 'https://picsum.photos/200/300?random=85', 'https://picsum.photos/200/300?random=85', '1970-07-31', '20:42:20', '#9b5c3c', 'Error velit distinctio asperiores. Vitae est quaerat qui voluptates rem recusandae reiciendis.', '<html><head><title>Enim voluptatum.</title></head><body><form action=\"example.net\" method=\"POST\"><label for=\"username\">labore</label><input type=\"text\" id=\"username\"><label for=\"password\">sunt</label><input type=\"password\" id=\"password\"></form><div id=\"93294\"></div><div id=\"64019\"></div></body></html>\n', '2025-08-16 19:05:03', '2025-07-28 15:29:59', 1, NULL),
(86, 'Qp1KSXqmjE', 'M8vHLjfx3Z', '9601168204920', 'aurora47@dabukke.or.id', 246, 6628, 6485345, 'Option 6', 'Option 9', '[\"Option 1\",\"Option 2\"]', 'Eos sed est quas voluptatibus. Necessitatibus omnis et minus fugiat officiis.', 'Option 3', '[\"Option 1\"]', '[\"Option 1\",\"Option 2\",\"Option 3\"]', 'Option 1,Option 2,Option 3', 'https://picsum.photos/200/300?random=86', 'https://picsum.photos/200/300?random=86', '2007-11-27', '20:36:09', '#b0f5d3', 'Quo corrupti aut cumque esse. Impedit dicta dicta vel eum voluptatum.', '<html><head><title>Aspernatur ex repellendus id esse similique aspernatur labore aut numquam.</title></head><body><form action=\"example.net\" method=\"POST\"><label for=\"username\">ipsa</label><input type=\"text\" id=\"username\"><label for=\"password\">officiis</label><input type=\"password\" id=\"password\"></form><div class=\"modi\"></div><div id=\"60974\"></div></body></html>\n', '2025-07-20 19:29:21', '2025-07-21 17:12:54', NULL, NULL),
(87, 'v45nE6i7KB', 'A34RNKJeW1', '8911360622035', 'iriana.wulandari@gmail.com', 416, 1196, 7993780, 'Option 7', 'Option 6', '[\"Option 1\"]', 'Cupiditate ullam aut adipisci ullam eveniet. Expedita architecto modi rerum rem qui deserunt.', 'Option 3', '[\"Option 1\"]', '[\"Option 1\"]', 'Option 1', 'https://picsum.photos/200/300?random=87', 'https://picsum.photos/200/300?random=87', '2012-12-19', '18:41:04', '#0b4d0e', 'Est ut minima aliquid consectetur sunt ullam. Est consequatur soluta atque sunt doloremque.', '<html><head><title>Iusto tempore ab et libero autem est.</title></head><body><form action=\"example.net\" method=\"POST\"><label for=\"username\">sequi</label><input type=\"text\" id=\"username\"><label for=\"password\">vitae</label><input type=\"password\" id=\"password\"></form><div id=\"30795\"><h3>Vitae cum minima.</h3><a href=\"example.org\">Non aspernatur ipsam et omnis qui a.</a></div></body></html>\n', '2025-08-17 09:05:20', '2025-07-23 20:05:31', 1, 1),
(88, 'oho7aEKaoy', 'ETO6gwPpnZ', '4674903619599', 'utampubolon@prakasa.net', 363, 831, 4776458, 'Option 10', 'Option 6', '[\"Option 1\",\"Option 2\",\"Option 3\"]', 'Nobis et alias adipisci. Molestiae iste dolor dolores. Magnam temporibus temporibus reprehenderit.', 'Option 1', '[\"Option 1\",\"Option 2\"]', '[\"Option 1\"]', 'Option 1', 'https://picsum.photos/200/300?random=88', 'https://picsum.photos/200/300?random=88', '2021-03-11', '10:01:42', '#f0de9f', 'Exercitationem eum aut est qui ratione. Minus eaque aut qui.', '<html><head><title>Voluptatem neque in enim.</title></head><body><form action=\"example.com\" method=\"POST\"><label for=\"username\">ad</label><input type=\"text\" id=\"username\"><label for=\"password\">quia</label><input type=\"password\" id=\"password\"></form><div class=\"fuga\">Cupiditate sit eveniet quo et itaque error nostrum consequatur dolore corporis eum vitae.<ul><li>Quaerat doloremque reprehenderit ut perferendis.</li><li>Et voluptates animi.</li><li>Et ipsum.</li><li>Voluptatem quia.</li><li>Provident aspernatur est officia.</li><li>Sed facere libero voluptas eum.</li><li>Sint doloribus vero.</li><li>Et et et.</li><li>Asperiores in dolores dicta est.</li><li>Alias quia animi ea.</li></ul></div><div class=\"id\"></div><div id=\"2041\"></div></body></html>\n', '2025-08-15 07:50:26', '2025-08-07 10:18:03', 1, 1),
(89, '0psYpdUFNJ', 'ctzaI5Ch4u', '0530259330905', 'laras.napitupulu@yahoo.com', 646, 444, 134417, 'Option 3', 'Option 3', '[\"Option 1\",\"Option 2\",\"Option 3\"]', 'Rerum nesciunt cum ratione laudantium qui vitae quam est. Et ad saepe minus id blanditiis ut.', 'Option 3', '[\"Option 1\",\"Option 2\"]', '[\"Option 1\"]', 'Option 1', 'https://picsum.photos/200/300?random=89', 'https://picsum.photos/200/300?random=89', '2000-11-04', '04:38:29', '#7a4ae8', 'Pariatur consequatur doloribus eos natus sed. Unde et praesentium nihil odio eum.', '<html><head><title>Distinctio reiciendis dolor ut.</title></head><body><form action=\"example.org\" method=\"POST\"><label for=\"username\">adipisci</label><input type=\"text\" id=\"username\"><label for=\"password\">qui</label><input type=\"password\" id=\"password\"></form><div id=\"36936\"></div><div class=\"ea\"></div></body></html>\n', '2025-07-28 14:38:34', '2025-08-05 11:22:23', NULL, 1),
(90, 'NMNVSU7UuM', 'eK31QXkyEp', '3769369377372', 'harjaya54@novitasari.desa.id', 681, 6989, 8010439, 'Option 2', 'Option 4', '[\"Option 1\"]', 'Quia animi deleniti iusto corrupti. Ex exercitationem laudantium tempora.', 'Option 4', '[\"Option 1\",\"Option 2\"]', '[\"Option 1\"]', 'Option 1', 'https://picsum.photos/200/300?random=90', 'https://picsum.photos/200/300?random=90', '1983-08-25', '23:38:58', '#d162bd', 'Hic illo unde autem. Saepe facere nemo dolore et voluptas.', '<html><head><title>Neque esse eligendi voluptate.</title></head><body><form action=\"example.com\" method=\"POST\"><label for=\"username\">et</label><input type=\"text\" id=\"username\"><label for=\"password\">nam</label><input type=\"password\" id=\"password\"></form><div id=\"57113\"><div id=\"74185\"></div></div></body></html>\n', '2025-07-30 00:59:06', '2025-07-31 18:17:03', NULL, NULL),
(91, 'LmlnXC1BMy', 'F7umYzoivR', '9626988061553', 'apurwanti@situmorang.biz.id', 433, 8006, 6134287, 'Option 9', 'Option 2', '[\"Option 1\",\"Option 2\"]', 'Qui sit et quae ratione. Laborum ullam autem enim sunt.', 'Option 2', '[\"Option 1\"]', '[\"Option 1\",\"Option 2\",\"Option 3\"]', 'Option 1,Option 2,Option 3', 'https://picsum.photos/200/300?random=91', 'https://picsum.photos/200/300?random=91', '1994-01-04', '08:26:20', '#61245b', 'Placeat at ab dolor delectus. Inventore excepturi delectus et minus et et magni adipisci.', '<html><head><title>Consequuntur ducimus sed aspernatur et omnis et quibusdam omnis occaecati.</title></head><body><form action=\"example.net\" method=\"POST\"><label for=\"username\">vitae</label><input type=\"text\" id=\"username\"><label for=\"password\">sunt</label><input type=\"password\" id=\"password\"></form><div class=\"ea\"></div><div id=\"45201\"></div></body></html>\n', '2025-07-18 12:44:25', '2025-07-22 13:33:35', 1, 1),
(92, 'N8Ll6n5sQA', 'Pe8oWI82Jp', '0822471188557', 'qagustina@yahoo.co.id', 569, 8136, 8048694, 'Option 3', 'Option 10', '[\"Option 1\",\"Option 2\",\"Option 3\"]', 'Minus distinctio aut dolor et animi ducimus. Doloremque adipisci id quibusdam odio qui.', 'Option 4', '[\"Option 1\",\"Option 2\"]', '[\"Option 1\",\"Option 2\",\"Option 3\"]', 'Option 1,Option 2,Option 3', 'https://picsum.photos/200/300?random=92', 'https://picsum.photos/200/300?random=92', '1986-04-04', '02:11:49', '#a3b9e5', 'Illum doloribus ut soluta cupiditate quod. Dignissimos est voluptatem et minus.', '<html><head><title>Quaerat consequuntur id non qui.</title></head><body><form action=\"example.com\" method=\"POST\"><label for=\"username\">ullam</label><input type=\"text\" id=\"username\"><label for=\"password\">assumenda</label><input type=\"password\" id=\"password\"></form><div class=\"omnis\"></div></body></html>\n', '2025-07-31 21:39:47', '2025-07-25 12:18:35', 1, NULL),
(93, 'BWIJS1ZePs', 'hkYfNvdNbo', '9485500914636', 'kezia72@gmail.com', 981, 1274, 1855284, 'Option 8', 'Option 3', '[\"Option 1\",\"Option 2\",\"Option 3\"]', 'Dolore aut aliquid dolorum. Veritatis laboriosam quis ratione et.', 'Option 3', '[\"Option 1\",\"Option 2\"]', '[\"Option 1\",\"Option 2\"]', 'Option 1,Option 2', 'https://picsum.photos/200/300?random=93', 'https://picsum.photos/200/300?random=93', '2018-09-14', '00:52:49', '#767fb0', 'Et iusto sunt veritatis quia. Id quia labore saepe et molestias. Reiciendis omnis est eos.', '<html><head><title>Fugit fugiat ut est quis soluta expedita et voluptatibus quis consequuntur.</title></head><body><form action=\"example.com\" method=\"POST\"><label for=\"username\">ut</label><input type=\"text\" id=\"username\"><label for=\"password\">quis</label><input type=\"password\" id=\"password\"></form><div class=\"recusandae\"><ul><li>Nihil aliquam vel libero et.</li><li>Expedita excepturi sed laboriosam ad.</li><li>Aut accusamus omnis repudiandae.</li><li>Pariatur aut veniam assumenda.</li><li>Aspernatur earum atque odit iusto.</li><li>Magnam quia sed neque est reiciendis.</li><li>Deserunt ab aut deserunt modi.</li><li>Voluptatem doloribus et.</li><li>Tempora omnis.</li><li>Nostrum tempore pariatur quia natus.</li><li>Similique qui dolor.</li></ul><i>Autem sit libero.</i>Quis cupiditate et occaecati est dicta ab dignissimos pariatur sed.Iusto culpa aut sunt voluptatibus ipsum et quasi.</div><div class=\"sit\"><div class=\"aspernatur\"></div></div><div class=\"perspiciatis\"><div class=\"rerum\"></div><div class=\"aut\"><i>Officiis explicabo qui itaque non sit similique sed velit.</i></div></div></body></html>\n', '2025-07-25 13:19:13', '2025-08-02 03:31:08', 1, NULL),
(94, 'LAq6JwxCj8', 'Hsn1hlSEgZ', '6029772545339', 'vera.putra@hariyah.go.id', 651, 3773, 5470091, 'Option 4', 'Option 10', '[\"Option 1\"]', 'Possimus nihil aperiam eius tenetur iure enim nulla. Atque sed animi assumenda perferendis eaque.', 'Option 1', '[\"Option 1\",\"Option 2\"]', '[\"Option 1\",\"Option 2\"]', 'Option 1,Option 2', 'https://picsum.photos/200/300?random=94', 'https://picsum.photos/200/300?random=94', '2016-09-18', '23:20:17', '#ba90bf', 'Deserunt et qui aliquam quidem. Saepe ea error nulla dolore et odio qui.', '<html><head><title>Perspiciatis quidem enim.</title></head><body><form action=\"example.net\" method=\"POST\"><label for=\"username\">iure</label><input type=\"text\" id=\"username\"><label for=\"password\">occaecati</label><input type=\"password\" id=\"password\"></form><div class=\"doloremque\"><div id=\"7284\"></div></div><div id=\"20364\"></div></body></html>\n', '2025-08-14 05:57:21', '2025-08-08 15:45:25', 1, NULL),
(95, 'hNdpDQaHNT', 'MHLtVD2ETk', '4041040286043', 'ridwan.sitompul@yahoo.co.id', 875, 3516, 1571776, 'Option 2', 'Option 2', '[\"Option 1\"]', 'Reiciendis voluptate rerum nam placeat quo ducimus quia sunt. Ipsum quibusdam eum sint.', 'Option 4', '[\"Option 1\"]', '[\"Option 1\",\"Option 2\"]', 'Option 1,Option 2', 'https://picsum.photos/200/300?random=95', 'https://picsum.photos/200/300?random=95', '2010-06-24', '17:36:43', '#0cc896', 'Non et non rerum non neque qui qui. Dolor sunt error aperiam dolorem voluptates doloribus magnam.', '<html><head><title>Cum occaecati quos cupiditate sed praesentium qui alias blanditiis nihil.</title></head><body><form action=\"example.net\" method=\"POST\"><label for=\"username\">repellat</label><input type=\"text\" id=\"username\"><label for=\"password\">amet</label><input type=\"password\" id=\"password\"></form><div class=\"delectus\"></div><div class=\"totam\"></div><div class=\"accusamus\"><div class=\"qui\"><ul><li>Veniam.</li><li>Aut a.</li><li>Nemo ex aut voluptas repellendus.</li></ul><b>Temporibus cum totam eum corporis voluptate est.</b><span>Saepe atque sed possimus a quo sit nisi omnis ipsa.</span><ul><li>Explicabo possimus.</li><li>Consequatur est voluptate ullam.</li><li>Minima ullam atque quia.</li><li>Vel totam ea officia laudantium.</li><li>Et quo modi.</li><li>Sed aspernatur est delectus et.</li><li>Optio.</li><li>Consequatur.</li></ul></div><div id=\"42302\"></div><div class=\"voluptatem\"><table><thead><tr><th>Fugiat.</th><th>Deleniti expedita.</th></tr></thead><tbody><tr><td>Velit iusto non voluptatem possimus blanditiis quis.</td><td>Vero tempora laudantium optio fuga corporis officia voluptas incidunt.</td></tr><tr><td>Dolor possimus molestias sequi aliquid recusandae quo omnis et.</td><td>Autem ducimus est similique provident assumenda ad et ipsum et illo perspiciatis.</td></tr><tr><td>Accusamus asperiores autem nam est dolor sed quia mollitia.</td><td>Eligendi.</td></tr><tr><td>Itaque dolores tempore dolore et ea voluptate.</td><td>Dolorum neque voluptas dolorum soluta quam aspernatur.</td></tr><tr><td>Temporibus non facere ipsum rerum.</td><td>Optio necessitatibus et placeat voluptatem neque excepturi qui ea.</td></tr><tr><td>Vitae dolores eum dolore aut ad non voluptas quia laudantium.</td><td>Qui totam atque harum ratione.</td></tr><tr><td>Esse nisi distinctio sint eius id.</td><td>Non optio mollitia.</td></tr><tr><td>Voluptas esse officia qui sint voluptas quae eius nihil ex consequuntur.</td><td>Suscipit unde recusandae.</td></tr><tr><td>Dolore amet quasi sit.</td><td>Laborum omnis deleniti doloribus enim dolor aliquam.</td></tr></tbody></table><table><thead><tr><th>Voluptas suscipit sint beatae.</th><th>Eaque.</th><th>Nostrum voluptas cum id dolores.</th></tr></thead><tbody><tr><td>Ea et veniam.</td><td>Iusto ab ut corporis id aperiam placeat itaque delectus iure.</td><td>Sit aut ea praesentium.</td></tr><tr><td>Ex eum.</td><td>Voluptas officia velit.</td><td>Qui suscipit.</td></tr><tr><td>Eaque expedita nemo eaque nostrum.</td><td>Eveniet voluptas minima occaecati illum rerum nostrum.</td><td>Optio accusamus non nobis beatae et minus vero iusto nihil quaerat nihil.</td></tr><tr><td>Aut velit et enim enim et cumque consequatur ut voluptatem.</td><td>Autem id quisquam deleniti aut dolor atque omnis et rem.</td><td>Id.</td></tr><tr><td>Eum odit sint magni reprehenderit et exercitationem enim est dolorem.</td><td>Sed et est repellat.</td><td>Dolores consequatur doloribus suscipit qui illum ipsum optio et.</td></tr><tr><td>Velit molestias ut recusandae.</td><td>Iste pariatur minus quia eum quia quia rerum delectus ad quia.</td><td>Magni autem dolorem.</td></tr></tbody></table><h3>Maxime cumque ab dicta distinctio enim laborum quae quas.</h3><i>Est atque autem deserunt sint magni.</i></div></div><div id=\"61134\"></div></body></html>\n', '2025-08-09 11:11:38', '2025-07-30 20:15:12', NULL, NULL),
(96, 'mSKT9b9941', 'ZZp1yB39mu', '8396527077536', 'pangestu.winarsih@waskita.net', 567, 3264, 3706142, 'Option 10', 'Option 8', '[\"Option 1\",\"Option 2\",\"Option 3\"]', 'Expedita voluptatem placeat similique consequatur omnis. Est architecto quasi qui.', 'Option 3', '[\"Option 1\",\"Option 2\"]', '[\"Option 1\",\"Option 2\"]', 'Option 1,Option 2', 'https://picsum.photos/200/300?random=96', 'https://picsum.photos/200/300?random=96', '1975-07-20', '15:09:54', '#ff097d', 'Sint numquam autem maxime natus et sequi aspernatur. Ea sequi et et accusamus.', '<html><head><title>Quisquam beatae qui assumenda nesciunt eaque.</title></head><body><form action=\"example.org\" method=\"POST\"><label for=\"username\">odit</label><input type=\"text\" id=\"username\"><label for=\"password\">vitae</label><input type=\"password\" id=\"password\"></form><div class=\"quo\"><p>Et distinctio et.</p>Sequi quia voluptate molestiae magnam illum rem eos sunt.Itaque.</div><div class=\"voluptate\"></div></body></html>\n', '2025-07-29 07:39:18', '2025-08-08 18:30:49', NULL, 1),
(97, 'T3ecSMkd8q', '9M9GSnGI7h', '1979120882621', 'aurora54@natsir.info', 659, 6454, 2486525, 'Option 5', 'Option 10', '[\"Option 1\"]', 'Maxime sint ut nemo accusantium cum explicabo. Eum enim corrupti ea. Atque omnis occaecati quis.', 'Option 2', '[\"Option 1\",\"Option 2\",\"Option 3\"]', '[\"Option 1\",\"Option 2\",\"Option 3\"]', 'Option 1,Option 2,Option 3', 'https://picsum.photos/200/300?random=97', 'https://picsum.photos/200/300?random=97', '1970-03-29', '03:31:25', '#b806b3', 'Est sint beatae dolores et quo ut. Quaerat est molestiae officiis.', '<html><head><title>Placeat fugiat qui incidunt odio voluptas eaque.</title></head><body><form action=\"example.com\" method=\"POST\"><label for=\"username\">laborum</label><input type=\"text\" id=\"username\"><label for=\"password\">quia</label><input type=\"password\" id=\"password\"></form><div id=\"50704\"></div><div class=\"est\"><div class=\"occaecati\"><a href=\"example.org\">Architecto inventore perferendis eaque quia placeat voluptate qui earum officia sit quas.</a>Non temporibus veniam tempore.</div><div class=\"sequi\"></div><div id=\"1406\"><h3>Sequi ut dolores debitis.</h3><i>A eius autem nihil quaerat quos rerum.</i><p>Nemo voluptates.</p>Repudiandae aut quod.</div><div class=\"dolores\"><table><thead><tr><th>Officia maxime.</th><th>Officiis qui illum dolores.</th></tr></thead><tbody><tr><td>Est non quia id enim consequuntur.</td><td>Exercitationem quidem.</td></tr></tbody></table>Nemo culpa consequuntur asperiores.</div></div><div class=\"accusamus\"><div id=\"90095\"></div><div class=\"dignissimos\"><span>Qui dolorum qui accusantium dolorum iure.</span><ul><li>Suscipit sed nesciunt dolorem quam.</li><li>Natus eos distinctio.</li><li>Aut in modi.</li><li>Quos enim et.</li><li>Earum itaque dolorem sint.</li><li>Tempore nihil consequatur vero vitae facere.</li><li>Qui ut dolorem quaerat nostrum.</li><li>Hic iure debitis.</li><li>Distinctio adipisci.</li><li>Non est odio porro mollitia.</li><li>Ipsum aut.</li></ul><i>Nulla consequuntur placeat soluta quis ut qui amet eos perferendis veritatis.</i><b>Voluptas facere et eveniet commodi qui omnis optio nemo.</b></div><div id=\"80159\"></div></div><div id=\"3662\"></div></body></html>\n', '2025-08-04 21:11:54', '2025-07-22 05:49:17', NULL, NULL),
(98, '658LCT09ha', 'B6cXeEf3Rc', '4451852644649', 'emaryati@kusumo.org', 13, 4100, 9865574, 'Option 10', 'Option 9', '[\"Option 1\",\"Option 2\",\"Option 3\"]', 'Sed iure assumenda omnis doloribus pariatur. Ab numquam beatae quo dicta delectus expedita.', 'Option 1', '[\"Option 1\",\"Option 2\"]', '[\"Option 1\",\"Option 2\"]', 'Option 1,Option 2', 'https://picsum.photos/200/300?random=98', 'https://picsum.photos/200/300?random=98', '2006-01-29', '06:00:23', '#61d4ce', 'Ut autem id qui tempora. Tenetur magni similique atque. Facilis et eos accusamus non nulla nobis.', '<html><head><title>Odio est aut aspernatur error ut.</title></head><body><form action=\"example.org\" method=\"POST\"><label for=\"username\">repellat</label><input type=\"text\" id=\"username\"><label for=\"password\">nesciunt</label><input type=\"password\" id=\"password\"></form><div class=\"voluptatem\"></div><div class=\"in\"><div class=\"magnam\"></div><div id=\"44491\"></div><div id=\"80781\"></div></div></body></html>\n', '2025-08-10 12:55:36', '2025-07-23 13:33:56', 1, NULL),
(99, 'YRpLyPzBGT', 'JmDSAUvPCU', '4296410492993', 'vero22@gmail.co.id', 613, 8982, 8028341, 'Option 9', 'Option 3', '[\"Option 1\",\"Option 2\"]', 'Consectetur asperiores soluta quos minima quia sunt. Nam est reprehenderit qui eum non qui.', 'Option 2', '[\"Option 1\",\"Option 2\"]', '[\"Option 1\",\"Option 2\"]', 'Option 1,Option 2', 'https://picsum.photos/200/300?random=99', 'https://picsum.photos/200/300?random=99', '1988-12-29', '23:17:20', '#7c1a1a', 'Sint harum unde totam quis dolores ea fuga. Suscipit et debitis ab molestias tempora veniam.', '<html><head><title>Rerum necessitatibus praesentium neque occaecati voluptate ipsum sed commodi.</title></head><body><form action=\"example.com\" method=\"POST\"><label for=\"username\">nam</label><input type=\"text\" id=\"username\"><label for=\"password\">voluptatem</label><input type=\"password\" id=\"password\"></form><div class=\"ut\">Assumenda nemo aut sunt odio ullam recusandae atque.<b>Natus totam odit quos dolorem.</b></div><div id=\"71399\"><div class=\"similique\"></div></div></body></html>\n', '2025-08-08 16:58:58', '2025-07-26 06:50:57', 1, 1),
(100, 'CHc0I05Wiq', 'FFMFTizqdO', '6743030670860', 'usiregar@yahoo.co.id', 419, 3858, 7710645, 'Option 7', 'Option 9', '[\"Option 1\",\"Option 2\",\"Option 3\"]', 'Velit qui maxime ut enim. Maxime et consectetur a. Illo expedita nesciunt ab qui rem voluptatem ex.', 'Option 1', '[\"Option 1\",\"Option 2\"]', '[\"Option 1\",\"Option 2\"]', 'Option 1,Option 2', 'https://picsum.photos/200/300?random=100', 'https://picsum.photos/200/300?random=100', '1972-10-04', '03:45:14', '#1b4258', 'Omnis minima enim inventore vero. Quis repellat praesentium modi et nesciunt itaque.', '<html><head><title>Magni commodi explicabo dignissimos modi fugiat in soluta veniam debitis qui dolorem voluptas.</title></head><body><form action=\"example.net\" method=\"POST\"><label for=\"username\">assumenda</label><input type=\"text\" id=\"username\"><label for=\"password\">mollitia</label><input type=\"password\" id=\"password\"></form><div id=\"32436\"></div><div id=\"69414\"><div id=\"5905\"><h2>Qui ipsa ab.</h2><h2>Illo ut vero.</h2><span>Et qui maiores.</span><table><thead><tr><th>A.</th><th>Quas et repellendus.</th></tr></thead><tbody><tr><td>Provident est facilis et dicta in.</td><td>Ea.</td></tr><tr><td>Tenetur iusto iste ut tenetur sed unde et.</td><td>Ipsa error in est repellendus.</td></tr><tr><td>Doloremque porro perferendis.</td><td>Placeat omnis qui id.</td></tr><tr><td>Eos culpa et consequatur fugiat neque consectetur voluptates.</td><td>Ipsa dolor rem molestias exercitationem quasi.</td></tr><tr><td>Et et temporibus fugiat.</td><td>Aliquam ducimus et.</td></tr><tr><td>Qui officia.</td><td>Porro officia quod libero sed veniam possimus maxime.</td></tr><tr><td>Sunt dolor nostrum voluptates quo corrupti.</td><td>Nisi exercitationem ut temporibus quia aut.</td></tr><tr><td>Eaque rerum consequatur recusandae officia.</td><td>Quidem quidem quod non nam in dolorem aspernatur dolores nihil accusamus voluptas.</td></tr></tbody></table></div><div id=\"17811\"><b>Eius repellendus recusandae laboriosam magni.</b><p>Ut eos velit esse et qui aut distinctio.</p><h1>Architecto voluptatem ut accusamus esse maxime sunt deserunt blanditiis magni at porro.</h1><span>Autem architecto dignissimos omnis laudantium qui architecto eum.</span></div><div class=\"ducimus\"></div><div class=\"nam\"></div></div><div class=\"beatae\"><div class=\"repellendus\"></div></div><div id=\"75980\"></div></body></html>\n', '2025-07-24 17:00:33', '2025-07-27 16:17:14', 1, NULL);

--
-- Dumping data for table `log_requests`
--

INSERT INTO `log_requests` (`id`, `uri`, `query_string`, `method`, `request_data`, `ip`, `user_agent`, `user_id`, `roles`, `browser`, `platform`, `device`, `is_ajax`, `created_at`, `updated_at`) VALUES
(1, 'dashboard', NULL, 'GET', '[]', '127.0.0.1', 'Mozilla/5.0 (Macintosh; Intel Mac OS X 10_15_7) AppleWebKit/537.36 (KHTML, like Gecko) Chrome/139.0.0.0 Safari/537.36', 1, '[\"superadmin\",\"admin\"]', 'Chrome', 'OS X', 'Macintosh', 0, '2025-08-17 14:18:34', '2025-08-17 14:18:34');

--
-- Dumping data for table `menus`
--

INSERT INTO `menus` (`id`, `menu_name`, `route_name`, `uri`, `is_blank`, `icon`, `permission`, `is_active_if_url_includes`, `parent_menu_id`, `menu_group_id`, `created_at`, `updated_at`) VALUES
(1, 'Beranda', 'dashboard.index', NULL, 0, 'fas fa-fire', NULL, 'dashboard*', NULL, 1, '2025-08-17 14:18:32', '2025-08-17 14:18:32'),
(2, 'Contoh CRUD', 'crud-examples.index', NULL, 0, 'fas fa-atom', 'Contoh CRUD', 'crud-examples*', NULL, 1, '2025-08-17 14:18:32', '2025-08-17 14:18:32'),
(3, 'Contoh CRUD Yajra', 'crud-examples.index-yajra', NULL, 0, 'fas fa-atom', 'Contoh CRUD Yajra', 'yajra-crud-examples*', NULL, 1, '2025-08-17 14:18:32', '2025-08-17 14:18:32'),
(4, 'Contoh CRUD Ajax', 'crud-examples.index-ajax', NULL, 0, 'fas fa-atom', 'Contoh CRUD Yajra', 'ajax-crud-examples*', NULL, 1, '2025-08-17 14:18:32', '2025-08-17 14:18:32'),
(5, 'Contoh CRUD Ajax Yajra', 'crud-examples.index-ajax-yajra', NULL, 0, 'fas fa-atom', 'Contoh CRUD Ajax Yajra', 'yajra-ajax-crud-examples*', NULL, 1, '2025-08-17 14:18:32', '2025-08-17 14:18:32'),
(6, 'Bank', NULL, NULL, 0, 'fas fa-university', NULL, NULL, NULL, 1, '2025-08-17 14:18:32', '2025-08-17 14:18:32'),
(7, 'Bank', 'banks.index', NULL, 0, 'fas fa-university', 'Bank', 'banks*', 6, NULL, '2025-08-17 14:18:32', '2025-08-17 14:18:32'),
(8, 'Deposito', 'bank-deposits.index', NULL, 0, 'fas fa-dollar', 'Deposito Bank', 'bank-deposits*', 6, NULL, '2025-08-17 14:18:32', '2025-08-17 14:18:32'),
(9, 'Riwayat Deposito', 'bank-deposit-histories.index', NULL, 0, 'fas fa-dollar', 'Riwayat Deposito Bank', 'bank-deposit-histories*', 6, NULL, '2025-08-17 14:18:32', '2025-08-17 14:18:32'),
(10, 'Stisla Example', NULL, NULL, 0, 'fas fa-caret-square-down', NULL, NULL, NULL, 1, '2025-08-17 14:18:32', '2025-08-17 14:18:32'),
(11, 'Datatable', 'datatable.index', NULL, 0, 'fas fa-table', NULL, 'datatable*', 10, NULL, '2025-08-17 14:18:32', '2025-08-17 14:18:32'),
(12, 'Form', 'form.index', NULL, 0, 'fas fa-file-alt', NULL, 'form*', 10, NULL, '2025-08-17 14:18:32', '2025-08-17 14:18:32'),
(13, 'Chart JS', 'chart-js.index', NULL, 0, 'fas fa-chart-line', NULL, 'chart-js*', 10, NULL, '2025-08-17 14:18:32', '2025-08-17 14:18:32'),
(14, 'Pricing', 'pricing.index', NULL, 0, 'fas fa-dollar', NULL, 'pricing*', 10, NULL, '2025-08-17 14:18:32', '2025-08-17 14:18:32'),
(15, 'Invoice', 'invoice.index', NULL, 0, 'fas fa-dollar', NULL, 'invoice*', 10, NULL, '2025-08-17 14:18:32', '2025-08-17 14:18:32'),
(16, 'Manajemen Pengguna', NULL, NULL, 0, 'fas fa-users', NULL, 'dashboard*', NULL, 2, '2025-08-17 14:18:32', '2025-08-17 14:18:32'),
(17, 'Pengguna', 'user-management.users.index', NULL, 0, NULL, 'Pengguna', 'user-management/users*', 16, NULL, '2025-08-17 14:18:32', '2025-08-17 14:18:32'),
(18, 'Role', 'user-management.roles.index', NULL, 0, NULL, 'Role', 'user-management/roles*', 16, NULL, '2025-08-17 14:18:32', '2025-08-17 14:18:32'),
(19, 'Permission', 'user-management.permissions.index', NULL, 0, NULL, 'Permission', 'user-management/permissions*', 16, NULL, '2025-08-17 14:18:32', '2025-08-17 14:18:32'),
(20, 'Group Permission', 'user-management.permission-groups.index', NULL, 0, NULL, 'Group Permission', 'user-management/permission-groups*', 16, NULL, '2025-08-17 14:18:32', '2025-08-17 14:18:32'),
(21, 'Manajemen Menu', NULL, 'menu-managements', 0, 'fas fa-bars', NULL, 'menu-managements*', NULL, 2, '2025-08-17 14:18:32', '2025-08-17 14:18:32'),
(22, 'Menu', 'menu-managements.index', NULL, 0, NULL, 'Menu', 'menu-managements*', 21, NULL, '2025-08-17 14:18:32', '2025-08-17 14:18:32'),
(23, 'Grup Menu', 'group-menus.index', NULL, 0, NULL, 'Grup Menu', 'group-menus*', 21, NULL, '2025-08-17 14:18:32', '2025-08-17 14:18:32'),
(24, 'Manajemen File', NULL, 'file-managers', 1, 'fas fa-folder', 'Manajemen File', 'file-managers*', NULL, 2, '2025-08-17 14:18:32', '2025-08-17 14:18:32'),
(25, 'Notifikasi', 'notifications.index', NULL, 0, 'fas fa-bell', 'Notifikasi', 'notifications*', NULL, 2, '2025-08-17 14:18:32', '2025-08-17 14:18:32'),
(26, 'Log', 'activity-logs.index', NULL, 0, 'fas fa-clock-rotate-left', NULL, 'activity-logs*', NULL, 2, '2025-08-17 14:18:32', '2025-08-17 14:18:32'),
(27, 'Log Aktivitas', 'activity-logs.index', NULL, 0, 'fas fa-clock-rotate-left', 'Log Aktivitas', 'activity-logs*', 26, NULL, '2025-08-17 14:18:32', '2025-08-17 14:18:32'),
(28, 'Log Request', 'request-logs.index', NULL, 0, 'fas fa-clock-rotate-left', 'Log Request', 'request-logs*', 26, NULL, '2025-08-17 14:18:32', '2025-08-17 14:18:32'),
(29, 'Laravel Log Viewer', 'logs.index', NULL, 1, 'fas fa-circle-exclamation', 'Laravel Log Viewer', 'logs*', 26, NULL, '2025-08-17 14:18:32', '2025-08-17 14:18:32'),
(30, 'Profil', 'profile.index', NULL, 0, 'fas fa-user', 'Profil', 'profile*', NULL, 2, '2025-08-17 14:18:32', '2025-08-17 14:18:32'),
(31, 'Pengaturan', 'settings.all', NULL, 0, 'fas fa-cogs', 'Pengaturan', 'settings*', NULL, 2, '2025-08-17 14:18:32', '2025-08-17 14:18:32'),
(32, 'Ubuntu', 'ubuntu.index', NULL, 0, 'fab fa-ubuntu', 'Ubuntu', 'ubuntu*', NULL, 2, '2025-08-17 14:18:32', '2025-08-17 14:18:32'),
(33, 'Backup Database', 'backup-databases.index', NULL, 0, 'fas fa-database', 'Backup Database', 'backup-databases*', NULL, 2, '2025-08-17 14:18:32', '2025-08-17 14:18:32'),
(34, 'Keluar', 'logout', NULL, 0, 'fas fa-sign-out-alt', NULL, NULL, NULL, 2, '2025-08-17 14:18:32', '2025-08-17 14:18:32');

--
-- Dumping data for table `menu_groups`
--

INSERT INTO `menu_groups` (`id`, `group_name`, `created_at`, `updated_at`) VALUES
(1, 'Navigasi', '2025-08-17 14:18:32', '2025-08-17 14:18:32'),
(2, 'Menu Lainnya', '2025-08-17 14:18:32', '2025-08-17 14:18:32');

--
-- Dumping data for table `migrations`
--

INSERT INTO `migrations` (`id`, `migration`, `batch`) VALUES
(18, '0001_01_01_000000_create_users_table', 1),
(19, '0001_01_01_000001_create_cache_table', 1),
(20, '0001_01_01_000002_create_jobs_table', 1),
(21, '2021_05_10_041418_create_settings_table', 1),
(22, '2021_06_18_200839_create_permission_tables', 1),
(23, '2021_07_18_100149_create_crud_examples_table', 1),
(24, '2022_02_19_213049_create_permission_groups_table', 1),
(25, '2022_02_19_213152_change_permission_group_table', 1),
(26, '2022_02_19_225036_create_activity_logs_table', 1),
(27, '2022_03_06_105428_create_menu_groups_table', 1),
(28, '2022_03_06_105458_create_menus_table', 1),
(29, '2022_03_07_165342_create_notifications_table', 1),
(30, '2022_06_24_164915_create_regions_table', 1),
(31, '2023_03_12_145057_create_log_requests_table', 1),
(32, '2025_08_16_142711_create_banks_table', 1),
(33, '2025_08_16_160846_create_bank_deposits_table', 1),
(34, '2025_08_17_100159_create_bank_deposit_histories_table', 1);

--
-- Dumping data for table `model_has_roles`
--

INSERT INTO `model_has_roles` (`role_id`, `model_type`, `model_id`) VALUES
(1, 'App\\Models\\User', 1),
(2, 'App\\Models\\User', 1),
(2, 'App\\Models\\User', 2),
(4, 'App\\Models\\User', 3),
(3, 'App\\Models\\User', 4);

--
-- Dumping data for table `notifications`
--

INSERT INTO `notifications` (`id`, `title`, `content`, `user_id`, `is_read`, `notification_type`, `bg_color`, `icon`, `created_at`, `updated_at`) VALUES
(1, 'Test title', 'Lorem ipsum dolor sit amet consectetur adipisicing elit. Minima doloremque, ullam pariatur vero beatae tempora dolor qui autem, similique consequatur iure explicabo. Magnam temporibus blanditiis, nesciunt iusto eius explicabo quae?', 1, 0, 'transaksi masuk', 'primary', 'bell', '2025-08-17 14:18:32', '2025-08-17 14:18:32'),
(2, 'Test title', 'Lorem ipsum dolor sit amet consectetur adipisicing elit. Minima doloremque, ullam pariatur vero beatae tempora dolor qui autem, similique consequatur iure explicabo. Magnam temporibus blanditiis, nesciunt iusto eius explicabo quae?', 1, 0, 'transaksi masuk', 'primary', 'bell', '2025-08-17 14:18:32', '2025-08-17 14:18:32'),
(3, 'Test title', 'Lorem ipsum dolor sit amet consectetur adipisicing elit. Minima doloremque, ullam pariatur vero beatae tempora dolor qui autem, similique consequatur iure explicabo. Magnam temporibus blanditiis, nesciunt iusto eius explicabo quae?', 1, 0, 'transaksi masuk', 'primary', 'bell', '2025-08-17 14:18:32', '2025-08-17 14:18:32'),
(4, 'Test title', 'Lorem ipsum dolor sit amet consectetur adipisicing elit. Minima doloremque, ullam pariatur vero beatae tempora dolor qui autem, similique consequatur iure explicabo. Magnam temporibus blanditiis, nesciunt iusto eius explicabo quae?', 1, 0, 'transaksi masuk', 'primary', 'bell', '2025-08-17 14:18:32', '2025-08-17 14:18:32'),
(5, 'Test title', 'Lorem ipsum dolor sit amet consectetur adipisicing elit. Minima doloremque, ullam pariatur vero beatae tempora dolor qui autem, similique consequatur iure explicabo. Magnam temporibus blanditiis, nesciunt iusto eius explicabo quae?', 1, 0, 'transaksi masuk', 'primary', 'bell', '2025-08-17 14:18:32', '2025-08-17 14:18:32'),
(6, 'Test title', 'Lorem ipsum dolor sit amet consectetur adipisicing elit. Minima doloremque, ullam pariatur vero beatae tempora dolor qui autem, similique consequatur iure explicabo. Magnam temporibus blanditiis, nesciunt iusto eius explicabo quae?', 1, 0, 'transaksi masuk', 'primary', 'bell', '2025-08-17 14:18:32', '2025-08-17 14:18:32'),
(7, 'Test title', 'Lorem ipsum dolor sit amet consectetur adipisicing elit. Minima doloremque, ullam pariatur vero beatae tempora dolor qui autem, similique consequatur iure explicabo. Magnam temporibus blanditiis, nesciunt iusto eius explicabo quae?', 1, 0, 'transaksi masuk', 'primary', 'bell', '2025-08-17 14:18:32', '2025-08-17 14:18:32'),
(8, 'Test title', 'Lorem ipsum dolor sit amet consectetur adipisicing elit. Minima doloremque, ullam pariatur vero beatae tempora dolor qui autem, similique consequatur iure explicabo. Magnam temporibus blanditiis, nesciunt iusto eius explicabo quae?', 1, 0, 'transaksi masuk', 'primary', 'bell', '2025-08-17 14:18:32', '2025-08-17 14:18:32'),
(9, 'Test title', 'Lorem ipsum dolor sit amet consectetur adipisicing elit. Minima doloremque, ullam pariatur vero beatae tempora dolor qui autem, similique consequatur iure explicabo. Magnam temporibus blanditiis, nesciunt iusto eius explicabo quae?', 1, 0, 'transaksi masuk', 'primary', 'bell', '2025-08-17 14:18:32', '2025-08-17 14:18:32'),
(10, 'Test title', 'Lorem ipsum dolor sit amet consectetur adipisicing elit. Minima doloremque, ullam pariatur vero beatae tempora dolor qui autem, similique consequatur iure explicabo. Magnam temporibus blanditiis, nesciunt iusto eius explicabo quae?', 1, 0, 'transaksi masuk', 'primary', 'bell', '2025-08-17 14:18:32', '2025-08-17 14:18:32'),
(11, 'Test title', 'Lorem ipsum dolor sit amet consectetur adipisicing elit. Minima doloremque, ullam pariatur vero beatae tempora dolor qui autem, similique consequatur iure explicabo. Magnam temporibus blanditiis, nesciunt iusto eius explicabo quae?', 1, 0, 'transaksi masuk', 'primary', 'bell', '2025-08-17 14:18:32', '2025-08-17 14:18:32'),
(12, 'Test title', 'Lorem ipsum dolor sit amet consectetur adipisicing elit. Minima doloremque, ullam pariatur vero beatae tempora dolor qui autem, similique consequatur iure explicabo. Magnam temporibus blanditiis, nesciunt iusto eius explicabo quae?', 1, 0, 'transaksi masuk', 'primary', 'bell', '2025-08-17 14:18:32', '2025-08-17 14:18:32'),
(13, 'Test title', 'Lorem ipsum dolor sit amet consectetur adipisicing elit. Minima doloremque, ullam pariatur vero beatae tempora dolor qui autem, similique consequatur iure explicabo. Magnam temporibus blanditiis, nesciunt iusto eius explicabo quae?', 1, 0, 'transaksi masuk', 'primary', 'bell', '2025-08-17 14:18:32', '2025-08-17 14:18:32'),
(14, 'Test title', 'Lorem ipsum dolor sit amet consectetur adipisicing elit. Minima doloremque, ullam pariatur vero beatae tempora dolor qui autem, similique consequatur iure explicabo. Magnam temporibus blanditiis, nesciunt iusto eius explicabo quae?', 1, 0, 'transaksi masuk', 'primary', 'bell', '2025-08-17 14:18:32', '2025-08-17 14:18:32'),
(15, 'Test title', 'Lorem ipsum dolor sit amet consectetur adipisicing elit. Minima doloremque, ullam pariatur vero beatae tempora dolor qui autem, similique consequatur iure explicabo. Magnam temporibus blanditiis, nesciunt iusto eius explicabo quae?', 1, 0, 'transaksi masuk', 'primary', 'bell', '2025-08-17 14:18:32', '2025-08-17 14:18:32'),
(16, 'Test title', 'Lorem ipsum dolor sit amet consectetur adipisicing elit. Minima doloremque, ullam pariatur vero beatae tempora dolor qui autem, similique consequatur iure explicabo. Magnam temporibus blanditiis, nesciunt iusto eius explicabo quae?', 1, 0, 'transaksi masuk', 'primary', 'bell', '2025-08-17 14:18:32', '2025-08-17 14:18:32'),
(17, 'Test title', 'Lorem ipsum dolor sit amet consectetur adipisicing elit. Minima doloremque, ullam pariatur vero beatae tempora dolor qui autem, similique consequatur iure explicabo. Magnam temporibus blanditiis, nesciunt iusto eius explicabo quae?', 1, 0, 'transaksi masuk', 'primary', 'bell', '2025-08-17 14:18:32', '2025-08-17 14:18:32'),
(18, 'Test title', 'Lorem ipsum dolor sit amet consectetur adipisicing elit. Minima doloremque, ullam pariatur vero beatae tempora dolor qui autem, similique consequatur iure explicabo. Magnam temporibus blanditiis, nesciunt iusto eius explicabo quae?', 1, 0, 'transaksi masuk', 'primary', 'bell', '2025-08-17 14:18:32', '2025-08-17 14:18:32'),
(19, 'Test title', 'Lorem ipsum dolor sit amet consectetur adipisicing elit. Minima doloremque, ullam pariatur vero beatae tempora dolor qui autem, similique consequatur iure explicabo. Magnam temporibus blanditiis, nesciunt iusto eius explicabo quae?', 1, 0, 'transaksi masuk', 'primary', 'bell', '2025-08-17 14:18:32', '2025-08-17 14:18:32'),
(20, 'Test title', 'Lorem ipsum dolor sit amet consectetur adipisicing elit. Minima doloremque, ullam pariatur vero beatae tempora dolor qui autem, similique consequatur iure explicabo. Magnam temporibus blanditiis, nesciunt iusto eius explicabo quae?', 1, 0, 'transaksi masuk', 'primary', 'bell', '2025-08-17 14:18:32', '2025-08-17 14:18:32');

--
-- Dumping data for table `permissions`
--

INSERT INTO `permissions` (`id`, `name`, `guard_name`, `created_at`, `updated_at`, `permission_group_id`) VALUES
(1, 'Profil', 'web', '2025-08-17 14:18:28', '2025-08-17 14:18:28', 1),
(2, 'Profil Ubah', 'web', '2025-08-17 14:18:28', '2025-08-17 14:18:28', 1),
(3, 'Log Aktivitas', 'web', '2025-08-17 14:18:28', '2025-08-17 14:18:28', 2),
(4, 'Log Aktivitas Ekspor', 'web', '2025-08-17 14:18:28', '2025-08-17 14:18:28', 2),
(5, 'Log Request', 'web', '2025-08-17 14:18:28', '2025-08-17 14:18:28', 3),
(6, 'Log Request Ekspor', 'web', '2025-08-17 14:18:28', '2025-08-17 14:18:28', 3),
(7, 'Role', 'web', '2025-08-17 14:18:28', '2025-08-17 14:18:28', 4),
(8, 'Role Tambah', 'web', '2025-08-17 14:18:28', '2025-08-17 14:18:28', 4),
(9, 'Role Impor Excel', 'web', '2025-08-17 14:18:28', '2025-08-17 14:18:28', 4),
(10, 'Role Ubah', 'web', '2025-08-17 14:18:28', '2025-08-17 14:18:28', 4),
(11, 'Role Detail', 'web', '2025-08-17 14:18:28', '2025-08-17 14:18:28', 4),
(12, 'Role Hapus', 'web', '2025-08-17 14:18:28', '2025-08-17 14:18:28', 4),
(13, 'Role Ekspor', 'web', '2025-08-17 14:18:28', '2025-08-17 14:18:28', 4),
(14, 'Permission', 'web', '2025-08-17 14:18:28', '2025-08-17 14:18:28', 5),
(15, 'Permission Tambah', 'web', '2025-08-17 14:18:28', '2025-08-17 14:18:28', 5),
(16, 'Permission Impor Excel', 'web', '2025-08-17 14:18:28', '2025-08-17 14:18:28', 5),
(17, 'Permission Ubah', 'web', '2025-08-17 14:18:28', '2025-08-17 14:18:28', 5),
(18, 'Permission Detail', 'web', '2025-08-17 14:18:28', '2025-08-17 14:18:28', 5),
(19, 'Permission Hapus', 'web', '2025-08-17 14:18:28', '2025-08-17 14:18:28', 5),
(20, 'Permission Ekspor', 'web', '2025-08-17 14:18:28', '2025-08-17 14:18:28', 5),
(21, 'Group Permission', 'web', '2025-08-17 14:18:28', '2025-08-17 14:18:28', 6),
(22, 'Group Permission Tambah', 'web', '2025-08-17 14:18:28', '2025-08-17 14:18:28', 6),
(23, 'Group Permission Impor Excel', 'web', '2025-08-17 14:18:28', '2025-08-17 14:18:28', 6),
(24, 'Group Permission Ubah', 'web', '2025-08-17 14:18:28', '2025-08-17 14:18:28', 6),
(25, 'Group Permission Detail', 'web', '2025-08-17 14:18:28', '2025-08-17 14:18:28', 6),
(26, 'Group Permission Hapus', 'web', '2025-08-17 14:18:28', '2025-08-17 14:18:28', 6),
(27, 'Group Permission Ekspor', 'web', '2025-08-17 14:18:28', '2025-08-17 14:18:28', 6),
(28, 'Pengguna', 'web', '2025-08-17 14:18:28', '2025-08-17 14:18:28', 7),
(29, 'Pengguna Tambah', 'web', '2025-08-17 14:18:28', '2025-08-17 14:18:28', 7),
(30, 'Pengguna Impor Excel', 'web', '2025-08-17 14:18:28', '2025-08-17 14:18:28', 7),
(31, 'Pengguna Ubah', 'web', '2025-08-17 14:18:28', '2025-08-17 14:18:28', 7),
(32, 'Pengguna Detail', 'web', '2025-08-17 14:18:28', '2025-08-17 14:18:28', 7),
(33, 'Pengguna Hapus', 'web', '2025-08-17 14:18:28', '2025-08-17 14:18:28', 7),
(34, 'Pengguna Ekspor', 'web', '2025-08-17 14:18:28', '2025-08-17 14:18:28', 7),
(35, 'Pengguna Force Login', 'web', '2025-08-17 14:18:28', '2025-08-17 14:18:28', 7),
(36, 'Pengguna Blokir', 'web', '2025-08-17 14:18:28', '2025-08-17 14:18:28', 7),
(37, 'Pengaturan', 'web', '2025-08-17 14:18:28', '2025-08-17 14:18:28', 8),
(38, 'Reset Sistem', 'web', '2025-08-17 14:18:28', '2025-08-17 14:18:28', 8),
(39, 'Manajemen File', 'web', '2025-08-17 14:18:28', '2025-08-17 14:18:28', 9),
(40, 'Ubuntu', 'web', '2025-08-17 14:18:28', '2025-08-17 14:18:28', 10),
(41, 'Backup Database', 'web', '2025-08-17 14:18:28', '2025-08-17 14:18:28', 11),
(42, 'Laravel Log Viewer', 'web', '2025-08-17 14:18:28', '2025-08-17 14:18:28', 12),
(43, 'Notifikasi', 'web', '2025-08-17 14:18:28', '2025-08-17 14:18:28', 13),
(44, 'Menu', 'web', '2025-08-17 14:18:28', '2025-08-17 14:18:28', 14),
(45, 'Menu Tambah', 'web', '2025-08-17 14:18:28', '2025-08-17 14:18:28', 14),
(46, 'Menu Ubah', 'web', '2025-08-17 14:18:28', '2025-08-17 14:18:28', 14),
(47, 'Menu Detail', 'web', '2025-08-17 14:18:28', '2025-08-17 14:18:28', 14),
(48, 'Menu Hapus', 'web', '2025-08-17 14:18:28', '2025-08-17 14:18:28', 14),
(49, 'Menu Ekspor', 'web', '2025-08-17 14:18:28', '2025-08-17 14:18:28', 14),
(50, 'Menu Impor Excel', 'web', '2025-08-17 14:18:28', '2025-08-17 14:18:28', 14),
(51, 'Grup Menu', 'web', '2025-08-17 14:18:28', '2025-08-17 14:18:28', 15),
(52, 'Grup Menu Tambah', 'web', '2025-08-17 14:18:28', '2025-08-17 14:18:28', 15),
(53, 'Grup Menu Ubah', 'web', '2025-08-17 14:18:28', '2025-08-17 14:18:28', 15),
(54, 'Grup Menu Detail', 'web', '2025-08-17 14:18:28', '2025-08-17 14:18:28', 15),
(55, 'Grup Menu Hapus', 'web', '2025-08-17 14:18:28', '2025-08-17 14:18:28', 15),
(56, 'Contoh CRUD', 'web', '2025-08-17 14:18:28', '2025-08-17 14:18:28', 16),
(57, 'Contoh CRUD Tambah', 'web', '2025-08-17 14:18:28', '2025-08-17 14:18:28', 16),
(58, 'Contoh CRUD Impor Excel', 'web', '2025-08-17 14:18:28', '2025-08-17 14:18:28', 16),
(59, 'Contoh CRUD Ubah', 'web', '2025-08-17 14:18:28', '2025-08-17 14:18:28', 16),
(60, 'Contoh CRUD Detail', 'web', '2025-08-17 14:18:28', '2025-08-17 14:18:28', 16),
(61, 'Contoh CRUD Hapus', 'web', '2025-08-17 14:18:29', '2025-08-17 14:18:29', 16),
(62, 'Contoh CRUD Ekspor', 'web', '2025-08-17 14:18:29', '2025-08-17 14:18:29', 16),
(63, 'Contoh CRUD Yajra', 'web', '2025-08-17 14:18:29', '2025-08-17 14:18:29', 16),
(64, 'Contoh CRUD Ajax Yajra', 'web', '2025-08-17 14:18:29', '2025-08-17 14:18:29', 16),
(65, 'Bank', 'web', '2025-08-17 14:18:29', '2025-08-17 14:18:29', 17),
(66, 'Bank Tambah', 'web', '2025-08-17 14:18:29', '2025-08-17 14:18:29', 17),
(67, 'Bank Impor Excel', 'web', '2025-08-17 14:18:29', '2025-08-17 14:18:29', 17),
(68, 'Bank Ubah', 'web', '2025-08-17 14:18:29', '2025-08-17 14:18:29', 17),
(69, 'Bank Detail', 'web', '2025-08-17 14:18:29', '2025-08-17 14:18:29', 17),
(70, 'Bank Hapus', 'web', '2025-08-17 14:18:29', '2025-08-17 14:18:29', 17),
(71, 'Bank Ekspor', 'web', '2025-08-17 14:18:29', '2025-08-17 14:18:29', 17),
(72, 'Deposito Bank', 'web', '2025-08-17 14:18:29', '2025-08-17 14:18:29', 18),
(73, 'Deposito Bank Tambah', 'web', '2025-08-17 14:18:29', '2025-08-17 14:18:29', 18),
(74, 'Deposito Bank Impor Excel', 'web', '2025-08-17 14:18:29', '2025-08-17 14:18:29', 18),
(75, 'Deposito Bank Ubah', 'web', '2025-08-17 14:18:29', '2025-08-17 14:18:29', 18),
(76, 'Deposito Bank Detail', 'web', '2025-08-17 14:18:29', '2025-08-17 14:18:29', 18),
(77, 'Deposito Bank Hapus', 'web', '2025-08-17 14:18:29', '2025-08-17 14:18:29', 18),
(78, 'Deposito Bank Ekspor', 'web', '2025-08-17 14:18:29', '2025-08-17 14:18:29', 18),
(79, 'Riwayat Deposito Bank', 'web', '2025-08-17 14:18:29', '2025-08-17 14:18:29', 19),
(80, 'Riwayat Deposito Bank Ekspor', 'web', '2025-08-17 14:18:29', '2025-08-17 14:18:29', 19);

--
-- Dumping data for table `permission_groups`
--

INSERT INTO `permission_groups` (`id`, `group_name`, `created_at`, `updated_at`) VALUES
(1, 'Profil', '2025-08-17 14:18:28', '2025-08-17 14:18:28'),
(2, 'Log Aktivitas', '2025-08-17 14:18:28', '2025-08-17 14:18:28'),
(3, 'Log Request', '2025-08-17 14:18:28', '2025-08-17 14:18:28'),
(4, 'Role', '2025-08-17 14:18:28', '2025-08-17 14:18:28'),
(5, 'Permission', '2025-08-17 14:18:28', '2025-08-17 14:18:28'),
(6, 'Group Permission', '2025-08-17 14:18:28', '2025-08-17 14:18:28'),
(7, 'Pengguna', '2025-08-17 14:18:28', '2025-08-17 14:18:28'),
(8, 'Pengaturan', '2025-08-17 14:18:28', '2025-08-17 14:18:28'),
(9, 'Manajemen File', '2025-08-17 14:18:28', '2025-08-17 14:18:28'),
(10, 'Ubuntu', '2025-08-17 14:18:28', '2025-08-17 14:18:28'),
(11, 'Backup Database', '2025-08-17 14:18:28', '2025-08-17 14:18:28'),
(12, 'Laravel Log Viewer', '2025-08-17 14:18:28', '2025-08-17 14:18:28'),
(13, 'Notifikasi', '2025-08-17 14:18:28', '2025-08-17 14:18:28'),
(14, 'Menu', '2025-08-17 14:18:28', '2025-08-17 14:18:28'),
(15, 'Grup Menu', '2025-08-17 14:18:28', '2025-08-17 14:18:28'),
(16, 'Contoh CRUD', '2025-08-17 14:18:28', '2025-08-17 14:18:28'),
(17, 'Bank', '2025-08-17 14:18:29', '2025-08-17 14:18:29'),
(18, 'Deposito Bank', '2025-08-17 14:18:29', '2025-08-17 14:18:29'),
(19, 'Riwayat Deposito Bank', '2025-08-17 14:18:29', '2025-08-17 14:18:29');

--
-- Dumping data for table `roles`
--

INSERT INTO `roles` (`id`, `name`, `guard_name`, `is_locked`, `created_by_id`, `last_updated_by_id`, `created_at`, `updated_at`) VALUES
(1, 'superadmin', 'web', 1, 1, NULL, '2025-08-17 14:18:28', '2025-08-17 14:18:28'),
(2, 'admin', 'web', 0, 1, NULL, '2025-08-17 14:18:28', '2025-08-17 14:18:28'),
(3, 'banker', 'web', 0, 1, NULL, '2025-08-17 14:18:28', '2025-08-17 14:18:28'),
(4, 'user', 'web', 0, 1, NULL, '2025-08-17 14:18:28', '2025-08-17 14:18:28');

--
-- Dumping data for table `role_has_permissions`
--

INSERT INTO `role_has_permissions` (`permission_id`, `role_id`) VALUES
(1, 1),
(2, 1),
(3, 1),
(4, 1),
(5, 1),
(6, 1),
(7, 1),
(8, 1),
(9, 1),
(10, 1),
(11, 1),
(12, 1),
(13, 1),
(14, 1),
(15, 1),
(16, 1),
(17, 1),
(18, 1),
(19, 1),
(20, 1),
(21, 1),
(22, 1),
(23, 1),
(24, 1),
(25, 1),
(26, 1),
(27, 1),
(28, 1),
(29, 1),
(30, 1),
(31, 1),
(32, 1),
(33, 1),
(34, 1),
(35, 1),
(36, 1),
(37, 1),
(38, 1),
(39, 1),
(40, 1),
(41, 1),
(42, 1),
(43, 1),
(44, 1),
(45, 1),
(46, 1),
(47, 1),
(48, 1),
(49, 1),
(50, 1),
(51, 1),
(52, 1),
(53, 1),
(54, 1),
(55, 1),
(56, 1),
(57, 1),
(58, 1),
(59, 1),
(60, 1),
(61, 1),
(62, 1),
(63, 1),
(64, 1),
(65, 1),
(66, 1),
(67, 1),
(68, 1),
(69, 1),
(70, 1),
(71, 1),
(72, 1),
(73, 1),
(74, 1),
(75, 1),
(76, 1),
(77, 1),
(78, 1),
(79, 1),
(80, 1),
(1, 2),
(2, 2),
(3, 2),
(4, 2),
(5, 2),
(6, 2),
(13, 2),
(20, 2),
(27, 2),
(37, 2),
(39, 2),
(43, 2),
(56, 2),
(57, 2),
(58, 2),
(59, 2),
(60, 2),
(61, 2),
(62, 2),
(63, 2),
(64, 2),
(65, 2),
(66, 2),
(67, 2),
(68, 2),
(69, 2),
(70, 2),
(71, 2),
(72, 2),
(73, 2),
(74, 2),
(75, 2),
(76, 2),
(77, 2),
(78, 2),
(79, 2),
(80, 2),
(65, 3),
(66, 3),
(67, 3),
(68, 3),
(69, 3),
(70, 3),
(71, 3),
(72, 3),
(73, 3),
(74, 3),
(75, 3),
(76, 3),
(77, 3),
(78, 3),
(79, 3),
(80, 3),
(1, 4),
(2, 4),
(56, 4),
(57, 4),
(58, 4),
(59, 4),
(60, 4),
(61, 4),
(62, 4),
(63, 4),
(64, 4);

--
-- Dumping data for table `settings`
--

INSERT INTO `settings` (`key`, `value`) VALUES
('app_description', 'Deskripsi sistem tulis disini'),
('app_is_demo', '0'),
('application_name', 'Laravel 12 Template'),
('application_version', '1.0.0'),
('city', 'Jember'),
('company_name', 'PT Anam Developer'),
('country', 'Indonesia'),
('debugbar', '1'),
('favicon', 'http://localhost:8000/assets/icons/favicon.ico'),
('google_captcha_secret', 'eyJpdiI6IitUcDdJOUtEbG4zZitEbmtBa3pPMFE9PSIsInZhbHVlIjoia2Z4YUpwanoyakgxTlRXSlJCL05SUUFNYXdTa2xBMityclVINGZ1QWFoTT0iLCJtYWMiOiI4YmM2M2ZkNWIxY2RjZGU5YTcyZmE3ZmYxYmFlNGMxZDRlNGI4NjJjYTEyMDgwNzM1MGIzODAwYjMzNjNiNjE1IiwidGFnIjoiIn0='),
('google_captcha_site_key', 'eyJpdiI6IkRWUDRCckdxRzdGbk12WnBJREFoN0E9PSIsInZhbHVlIjoidGJrK2lqMFFxV2RGM0ZoVG9kenJEdFpGMm5aam91cllNZ0ZKOXVWMFJkVT0iLCJtYWMiOiJkMDQxNjkwZWNjYmUxMWRkYTE4MmNkYWE0Nzk1NGVjMDJmNmQ1NDA1YTU0MGMwYWEzODg0MDk4ZDcwNDFjZDk3IiwidGFnIjoiIn0='),
('is_active_register_page', '1'),
('is_forgot_password_send_to_email', '1'),
('is_google_captcha_forgot_password', '1'),
('is_google_captcha_login', '1'),
('is_google_captcha_register', '1'),
('is_google_captcha_reset_password', '1'),
('is_login_must_verified', '1'),
('is_login_with_facebook', '1'),
('is_login_with_github', '1'),
('is_login_with_google', '1'),
('is_login_with_twitter', '1'),
('is_register_with_facebook', '1'),
('is_register_with_github', '1'),
('is_register_with_google', '1'),
('is_register_with_twitter', '1'),
('logo', 'http://localhost:8000/assets/images/logo.png'),
('mail_encryption', 'tls'),
('mail_from_address', 'anamkun@laraveltemplate.com'),
('mail_from_name', 'Superadmin'),
('mail_host', 'smtp'),
('mail_mailgun_api_key', 'test'),
('mail_mailgun_domain', 'test'),
('mail_mailtrap_encryption', 'tls'),
('mail_mailtrap_host', 'sandbox.smtp.mailtrap.io'),
('mail_mailtrap_password', '11fd65a07d9f25'),
('mail_mailtrap_port', '2525'),
('mail_mailtrap_username', '10c9ffc0387d2a'),
('mail_password', 'e9d1aa54a61db1'),
('mail_port', '2525'),
('mail_provider', 'mailtrap'),
('mail_username', '809d58dfa23ade'),
('meta_author', 'Hairul Anam'),
('meta_description', 'PT Anam Developer'),
('meta_keywords', 'Sistem Informasi, Pemrograman, Github, PHP, Laravel, Stisla, Heroku, Gitlab, MySQL'),
('since', '2021'),
('sso_facebook_client_id', 'eyJpdiI6Ik1Ed1pkc0gyTll5UTZDVkJNOGlLRkE9PSIsInZhbHVlIjoicXZYL2FZekZlMWZ5TXJhL3pJdWZjUT09IiwibWFjIjoiNTFhMDYzNTZmNWQ0MGFlNzI2ZDFiZWJiMzI3ZTM4ZDNjNzFlMzFiNjQ4MTlkMDNmYzBkYTQ1YmRjY2Q0YWM2NSIsInRhZyI6IiJ9'),
('sso_facebook_client_secret', 'eyJpdiI6IjdVdmZ1UkFCQ2xXYlg0cGZXYytkQXc9PSIsInZhbHVlIjoiME1rVHVsNGpoa2hQNkhIaHdTSldZZz09IiwibWFjIjoiMGFiZmFjNmM5ODMzZGM0OTBjM2NkNjcxMTE0YTgwOTk5MjU0MTY3MDgzNGQ0NWRiOTU4ZDdhYjhlYzAxOGQ4NyIsInRhZyI6IiJ9'),
('sso_facebook_redirect', 'eyJpdiI6IldsdWh1b0JCaUhCMTE5dG9hRWsvUXc9PSIsInZhbHVlIjoib1hmL1M1aU9QT1BBTjErK093eXVBQW5lcHA1cGRnOENITTJ1L3oxNzVUazczQWpRU1d0MVNzNExUQkJzdHkxVWd2aHRGcGNiUU1ycENUYzZuNGVmM2c9PSIsIm1hYyI6ImMxOTA3NmIyYTA1MGQxMjZhMjZmMWNlMWU2ZjRmNmE0ZjRiYzc1YjliYzY5MDFjNWI2OTMxNmI1OTZkNjA5YTQiLCJ0YWciOiIifQ=='),
('sso_github_client_id', 'eyJpdiI6IjlrN0x0OTVIZHhTTS9jRm12cks2bVE9PSIsInZhbHVlIjoiemI3TWRGVnpKVDYyMzMwOGYvTXdrZz09IiwibWFjIjoiYjk5YTg0ZWU4YmMyMjc0ZjZmOWE2NzdhZjBhM2NhMGMzMjAwMGI3ZTkzNGU2ODk1ZGM3ZTQ3NTk0MDRmOTE4ZiIsInRhZyI6IiJ9'),
('sso_github_client_secret', 'eyJpdiI6IkEyQkltMTFwWkxOdTY5ZGtoRldxckE9PSIsInZhbHVlIjoiTlIvRlJJSHErQlJnZUpMMlhNZklqQT09IiwibWFjIjoiNzA0MWJlOWY5ZDFlZjZjOWQ1YzhmMjI5OWExNDFhMDFjODUwZjcxNTFiMTIyM2I0YjdiMzkxYWRlMDcxOTBhZiIsInRhZyI6IiJ9'),
('sso_github_redirect', 'eyJpdiI6IldWTWVLMzl6aVdCWmMxV2hkV2FxdXc9PSIsInZhbHVlIjoiTHFmWVBwUXN4bDVSL1hDK0ZyK213a0x3RkhhVXpHdGQwQWJpL3N4K3poYUh4NzhhSkVTeVQ2bzN4WUJ1YXBETVY4VHE5Q3ZLcXFwRHFackc3YncxZ3c9PSIsIm1hYyI6IjIyNWFmZDUyNWEzNTg2NWM3YjFiOGM4M2VmNGExNjdkMWFiYjMzZmU2ZTcwMjg1NTAzMjdiNzA3ZDk0ZjhlZmMiLCJ0YWciOiIifQ=='),
('sso_google_client_id', 'eyJpdiI6IkNzU28zVUp4dXVGQUk4YnJaSnRBUUE9PSIsInZhbHVlIjoiZzk3R3RKQTV0ZjF4a1pQRU5Sc3d1Zz09IiwibWFjIjoiYWIxNDMwYzRlNWFmYWQ1ZmNkZGNlZGRhNTZhYTY5N2M1ZWM3ZTJkMmU2NTIzYTdmMjY2ZTAzOWVlNTU2NjVmYiIsInRhZyI6IiJ9'),
('sso_google_client_secret', 'eyJpdiI6ImdEQUhQVEdJN2xnVFVTRFZuTjl0SHc9PSIsInZhbHVlIjoiMkRMTnVOeXhwWmJiQ3VWcGpjclZ1Zz09IiwibWFjIjoiZjZlOGI0YWMyMmU5ZjJjZDc5YjJjMWEwYTg3MmYwZDQ0YzA0MjgyMzM5NmJkMjE3NDIwYzg2ZjIyMDczMmEzZSIsInRhZyI6IiJ9'),
('sso_google_redirect', 'eyJpdiI6IjY0bk9wZkdMaEtsTThlbnY2NzdLc1E9PSIsInZhbHVlIjoiekxnMFVKN2xHdlZrSHBXZUZtSHp1M2VuWU02VC85Mmtmd216TkF1bjBYa3p5bnlNYXZFSnd4ZHZ5UVB2YnF5OTVONVlTazdrU21tS1RmcU8xZTZ5U0E9PSIsIm1hYyI6ImFiZTMzZDQ5NmJmZGI5MDIyN2I1ZmNhZTlkZThjOWVmYmY4NDdlY2RhN2VkYTk1MzgxNDliY2RmYjg2NjljNWYiLCJ0YWciOiIifQ=='),
('sso_twitter_client_id', 'eyJpdiI6InVMT3lVSHlEaEZzdjFRekd5VVZmdUE9PSIsInZhbHVlIjoid2Rrb0xmYVY2UjNIdDE0T0tpUGFBUT09IiwibWFjIjoiMGVkNWQ1MmQxYjNjNjk2OWYyMWFjOWM2MmY4ZjM5ZTYyMWI1ZmMxMzc5NDY4MDk3MDk1N2Y3OTY3OGZmMDUwOCIsInRhZyI6IiJ9'),
('sso_twitter_client_secret', 'eyJpdiI6InM3RzhHQjBjL0djK1NjZEViRSsvTlE9PSIsInZhbHVlIjoickFHdnV4MlhZSURKM0tGUHczeCtWQT09IiwibWFjIjoiN2ExMjFjNTA2MDFmY2FkYmY4MmM0NGJmMjZkNjY5NmJhOWI0YjU5MTQ5M2IzNjllNTkwOTI1ZGVlZGIyOWUwMSIsInRhZyI6IiJ9'),
('sso_twitter_redirect', 'eyJpdiI6Imt6Q0hlUmhpcmlscmx1Y20vQVZYaEE9PSIsInZhbHVlIjoiTjJVMnN3QU1nR3d2VmtwYUJKTTJzbGM5bFM0WjhuOW5OVktYOVhOb05kVXB5SkR2T1VBK244bDVsYjl0L0Joa3Y3U3NCL1NRaU5lUVQ5cllsSm9JaXc9PSIsIm1hYyI6IjZlNTAwNTcxYTg0MTRhNTNhOWFjODkxNzMwMGYzZmIzZDc0ZWM4ZDM1NjMyMmIzMzgxYTkxOGE5MGM5N2JmNjYiLCJ0YWciOiIifQ=='),
('stisla_bg_home', 'http://localhost:8000/stisla/assets/img/unsplash/andre-benz-1214056-unsplash.jpg'),
('stisla_bg_login', 'http://localhost:8000/stisla/assets/img/unsplash/eberhard-grossgasteiger-1207565-unsplash.jpg'),
('stisla_login_template', 'default'),
('stisla_sidebar_mini', '0'),
('stisla_skin', 'style');

--
-- Dumping data for table `users`
--

INSERT INTO `users` (`id`, `name`, `email`, `avatar`, `email_verified_at`, `password`, `last_login`, `email_token`, `verification_code`, `is_locked`, `phone_number`, `birth_date`, `address`, `last_password_change`, `twitter_id`, `file_upload`, `wrong_login`, `is_active`, `blocked_reason`, `deleted_at`, `remember_token`, `created_at`, `updated_at`, `created_by_id`, `last_updated_by_id`) VALUES
(1, 'Hairul Anam Superadmin', 'superadmin@laraveltemplate.com', NULL, '2021-04-05 21:06:00', '$2y$12$.0a93lyVzJasNUFvXEK8CujLomZ61m8hM3A6G2.AtRVInIFT6S71C', NULL, NULL, NULL, 1, '6285322778935', '1998-04-08', 'Jember', '2025-08-17 21:18:30', NULL, NULL, 0, 1, NULL, NULL, NULL, '2025-08-17 14:18:30', '2025-08-17 14:18:30', 1, NULL),
(2, 'Hairul Anam Admin', 'admin@laraveltemplate.com', NULL, '2021-04-05 21:06:00', '$2y$12$q9r3PcCxoiPLpYINx/rPtOpzvdAJhXOpvgQRN5m.PKpq4yhi3icfu', NULL, NULL, NULL, 0, '6285322778935', '1998-04-08', 'Jember', '2025-08-17 21:18:30', NULL, NULL, 0, 1, NULL, NULL, NULL, '2025-08-17 14:18:30', '2025-08-17 14:18:30', 1, NULL),
(3, 'Hairul Anam User', 'user@laraveltemplate.com', NULL, '2021-04-05 21:06:00', '$2y$12$lMtUMKJITlNW6X73qo9IUOT3J03xBHPp6mmShtJEBczRmS/TxXEz6', NULL, NULL, NULL, 0, '6285322778935', '1998-04-08', 'Jember', '2025-08-17 21:18:31', NULL, NULL, 0, 1, NULL, NULL, NULL, '2025-08-17 14:18:31', '2025-08-17 14:18:31', 1, NULL),
(4, 'Hairul Anam Banker', 'banker@laraveltemplate.com', NULL, '2021-04-05 21:06:00', '$2y$12$D3F0wS44OclzERKCyDK.IuSiYoX2THK9kZdhxyJV8Jsl/ltVwvsMe', NULL, NULL, NULL, 0, '6285322778935', '1998-04-08', 'Jember', '2025-08-17 21:18:32', NULL, NULL, 0, 1, NULL, NULL, NULL, '2025-08-17 14:18:32', '2025-08-17 14:18:32', 1, NULL);
COMMIT;

/*!40101 SET CHARACTER_SET_CLIENT=@OLD_CHARACTER_SET_CLIENT */;
/*!40101 SET CHARACTER_SET_RESULTS=@OLD_CHARACTER_SET_RESULTS */;
/*!40101 SET COLLATION_CONNECTION=@OLD_COLLATION_CONNECTION */;
