-- phpMyAdmin SQL Dump
-- version 5.2.0
-- https://www.phpmyadmin.net/
--
-- Host: localhost:8889
-- Generation Time: Nov 19, 2025 at 04:25 AM
-- Server version: 5.7.39
-- PHP Version: 7.4.33

SET SQL_MODE = "NO_AUTO_VALUE_ON_ZERO";
START TRANSACTION;
SET time_zone = "+00:00";


/*!40101 SET @OLD_CHARACTER_SET_CLIENT=@@CHARACTER_SET_CLIENT */;
/*!40101 SET @OLD_CHARACTER_SET_RESULTS=@@CHARACTER_SET_RESULTS */;
/*!40101 SET @OLD_COLLATION_CONNECTION=@@COLLATION_CONNECTION */;
/*!40101 SET NAMES utf8mb4 */;

--
-- Database: `l12`
--

--
-- Dumping data for table `model_has_roles`
--

INSERT INTO `model_has_roles` (`role_id`, `model_type`, `model_id`) VALUES
(1, 'App\\Models\\User', 1),
(2, 'App\\Models\\User', 7),
(4, 'App\\Models\\User', 58),
(4, 'App\\Models\\User', 59),
(4, 'App\\Models\\User', 60),
(4, 'App\\Models\\User', 61),
(4, 'App\\Models\\User', 62),
(4, 'App\\Models\\User', 63),
(4, 'App\\Models\\User', 64),
(4, 'App\\Models\\User', 65),
(4, 'App\\Models\\User', 66),
(4, 'App\\Models\\User', 67),
(4, 'App\\Models\\User', 68),
(4, 'App\\Models\\User', 69),
(4, 'App\\Models\\User', 70),
(4, 'App\\Models\\User', 71),
(4, 'App\\Models\\User', 72),
(4, 'App\\Models\\User', 73),
(4, 'App\\Models\\User', 74),
(4, 'App\\Models\\User', 75),
(4, 'App\\Models\\User', 76),
(4, 'App\\Models\\User', 77),
(4, 'App\\Models\\User', 78),
(4, 'App\\Models\\User', 79),
(4, 'App\\Models\\User', 80),
(4, 'App\\Models\\User', 81),
(4, 'App\\Models\\User', 82),
(4, 'App\\Models\\User', 83),
(4, 'App\\Models\\User', 84),
(4, 'App\\Models\\User', 85),
(4, 'App\\Models\\User', 86),
(4, 'App\\Models\\User', 87),
(4, 'App\\Models\\User', 88),
(4, 'App\\Models\\User', 89),
(4, 'App\\Models\\User', 90),
(4, 'App\\Models\\User', 91),
(4, 'App\\Models\\User', 92),
(4, 'App\\Models\\User', 93),
(4, 'App\\Models\\User', 94),
(4, 'App\\Models\\User', 95),
(4, 'App\\Models\\User', 96),
(4, 'App\\Models\\User', 97),
(4, 'App\\Models\\User', 98),
(4, 'App\\Models\\User', 99),
(4, 'App\\Models\\User', 100),
(4, 'App\\Models\\User', 101),
(4, 'App\\Models\\User', 102),
(4, 'App\\Models\\User', 103),
(4, 'App\\Models\\User', 104),
(4, 'App\\Models\\User', 105),
(4, 'App\\Models\\User', 106),
(4, 'App\\Models\\User', 107),
(4, 'App\\Models\\User', 108),
(4, 'App\\Models\\User', 109),
(4, 'App\\Models\\User', 110),
(4, 'App\\Models\\User', 111),
(4, 'App\\Models\\User', 112),
(4, 'App\\Models\\User', 113),
(4, 'App\\Models\\User', 114),
(4, 'App\\Models\\User', 115),
(4, 'App\\Models\\User', 116),
(4, 'App\\Models\\User', 117),
(4, 'App\\Models\\User', 118),
(4, 'App\\Models\\User', 119),
(4, 'App\\Models\\User', 120),
(4, 'App\\Models\\User', 121),
(4, 'App\\Models\\User', 122),
(4, 'App\\Models\\User', 123),
(4, 'App\\Models\\User', 124),
(4, 'App\\Models\\User', 125),
(4, 'App\\Models\\User', 126),
(4, 'App\\Models\\User', 127),
(4, 'App\\Models\\User', 128),
(4, 'App\\Models\\User', 129),
(4, 'App\\Models\\User', 130),
(4, 'App\\Models\\User', 131),
(4, 'App\\Models\\User', 132),
(4, 'App\\Models\\User', 133),
(4, 'App\\Models\\User', 134),
(4, 'App\\Models\\User', 135),
(4, 'App\\Models\\User', 136),
(4, 'App\\Models\\User', 137),
(4, 'App\\Models\\User', 138),
(4, 'App\\Models\\User', 139),
(4, 'App\\Models\\User', 140),
(4, 'App\\Models\\User', 141),
(4, 'App\\Models\\User', 142),
(4, 'App\\Models\\User', 143),
(4, 'App\\Models\\User', 144),
(4, 'App\\Models\\User', 145),
(4, 'App\\Models\\User', 146),
(4, 'App\\Models\\User', 147),
(4, 'App\\Models\\User', 148),
(4, 'App\\Models\\User', 149),
(4, 'App\\Models\\User', 150),
(4, 'App\\Models\\User', 151),
(4, 'App\\Models\\User', 152),
(4, 'App\\Models\\User', 153),
(4, 'App\\Models\\User', 154),
(4, 'App\\Models\\User', 155),
(4, 'App\\Models\\User', 156),
(4, 'App\\Models\\User', 157),
(4, 'App\\Models\\User', 158),
(4, 'App\\Models\\User', 159),
(4, 'App\\Models\\User', 160),
(4, 'App\\Models\\User', 161),
(4, 'App\\Models\\User', 162),
(4, 'App\\Models\\User', 163),
(4, 'App\\Models\\User', 164),
(4, 'App\\Models\\User', 165),
(4, 'App\\Models\\User', 166),
(4, 'App\\Models\\User', 167),
(4, 'App\\Models\\User', 168),
(4, 'App\\Models\\User', 169),
(4, 'App\\Models\\User', 170),
(4, 'App\\Models\\User', 171),
(4, 'App\\Models\\User', 172),
(4, 'App\\Models\\User', 173),
(4, 'App\\Models\\User', 174),
(4, 'App\\Models\\User', 175),
(4, 'App\\Models\\User', 176),
(4, 'App\\Models\\User', 177),
(4, 'App\\Models\\User', 178),
(4, 'App\\Models\\User', 179),
(4, 'App\\Models\\User', 180),
(4, 'App\\Models\\User', 181),
(4, 'App\\Models\\User', 182),
(4, 'App\\Models\\User', 183),
(4, 'App\\Models\\User', 184),
(4, 'App\\Models\\User', 185),
(4, 'App\\Models\\User', 186),
(4, 'App\\Models\\User', 187),
(4, 'App\\Models\\User', 188),
(4, 'App\\Models\\User', 189),
(4, 'App\\Models\\User', 190),
(4, 'App\\Models\\User', 191),
(4, 'App\\Models\\User', 192),
(4, 'App\\Models\\User', 193),
(4, 'App\\Models\\User', 194),
(4, 'App\\Models\\User', 195),
(4, 'App\\Models\\User', 196),
(4, 'App\\Models\\User', 197),
(4, 'App\\Models\\User', 198),
(4, 'App\\Models\\User', 199),
(4, 'App\\Models\\User', 200),
(4, 'App\\Models\\User', 201),
(4, 'App\\Models\\User', 202),
(4, 'App\\Models\\User', 203),
(4, 'App\\Models\\User', 204),
(4, 'App\\Models\\User', 205),
(4, 'App\\Models\\User', 206),
(4, 'App\\Models\\User', 207),
(4, 'App\\Models\\User', 208),
(4, 'App\\Models\\User', 209),
(4, 'App\\Models\\User', 210),
(4, 'App\\Models\\User', 211),
(4, 'App\\Models\\User', 212),
(4, 'App\\Models\\User', 213),
(4, 'App\\Models\\User', 214),
(4, 'App\\Models\\User', 215),
(4, 'App\\Models\\User', 216),
(4, 'App\\Models\\User', 217),
(4, 'App\\Models\\User', 218),
(4, 'App\\Models\\User', 219),
(4, 'App\\Models\\User', 220),
(4, 'App\\Models\\User', 221),
(4, 'App\\Models\\User', 222),
(4, 'App\\Models\\User', 223),
(4, 'App\\Models\\User', 224),
(4, 'App\\Models\\User', 225),
(4, 'App\\Models\\User', 226),
(4, 'App\\Models\\User', 227),
(4, 'App\\Models\\User', 228),
(4, 'App\\Models\\User', 229),
(4, 'App\\Models\\User', 230),
(4, 'App\\Models\\User', 231),
(4, 'App\\Models\\User', 232),
(4, 'App\\Models\\User', 233),
(4, 'App\\Models\\User', 234),
(4, 'App\\Models\\User', 235),
(4, 'App\\Models\\User', 236),
(4, 'App\\Models\\User', 237),
(4, 'App\\Models\\User', 238),
(4, 'App\\Models\\User', 239),
(4, 'App\\Models\\User', 240),
(4, 'App\\Models\\User', 241),
(4, 'App\\Models\\User', 242),
(4, 'App\\Models\\User', 243),
(4, 'App\\Models\\User', 244),
(4, 'App\\Models\\User', 245),
(4, 'App\\Models\\User', 246),
(4, 'App\\Models\\User', 247),
(4, 'App\\Models\\User', 248),
(4, 'App\\Models\\User', 249),
(4, 'App\\Models\\User', 250),
(4, 'App\\Models\\User', 251),
(4, 'App\\Models\\User', 252),
(4, 'App\\Models\\User', 253),
(4, 'App\\Models\\User', 254),
(4, 'App\\Models\\User', 255),
(4, 'App\\Models\\User', 256),
(4, 'App\\Models\\User', 257),
(4, 'App\\Models\\User', 258),
(4, 'App\\Models\\User', 259),
(4, 'App\\Models\\User', 260),
(4, 'App\\Models\\User', 261),
(4, 'App\\Models\\User', 262),
(4, 'App\\Models\\User', 263),
(4, 'App\\Models\\User', 264),
(4, 'App\\Models\\User', 265),
(4, 'App\\Models\\User', 266),
(4, 'App\\Models\\User', 267),
(4, 'App\\Models\\User', 268),
(4, 'App\\Models\\User', 269),
(4, 'App\\Models\\User', 270),
(4, 'App\\Models\\User', 271),
(4, 'App\\Models\\User', 272),
(4, 'App\\Models\\User', 273),
(4, 'App\\Models\\User', 274),
(4, 'App\\Models\\User', 275),
(4, 'App\\Models\\User', 276),
(4, 'App\\Models\\User', 277),
(4, 'App\\Models\\User', 278),
(4, 'App\\Models\\User', 279),
(4, 'App\\Models\\User', 280),
(4, 'App\\Models\\User', 281),
(4, 'App\\Models\\User', 282),
(4, 'App\\Models\\User', 283),
(4, 'App\\Models\\User', 284),
(4, 'App\\Models\\User', 285),
(4, 'App\\Models\\User', 286),
(4, 'App\\Models\\User', 287),
(4, 'App\\Models\\User', 288),
(4, 'App\\Models\\User', 289),
(4, 'App\\Models\\User', 290),
(4, 'App\\Models\\User', 291),
(4, 'App\\Models\\User', 292),
(4, 'App\\Models\\User', 293),
(4, 'App\\Models\\User', 294),
(4, 'App\\Models\\User', 295),
(4, 'App\\Models\\User', 296),
(4, 'App\\Models\\User', 297),
(4, 'App\\Models\\User', 298),
(4, 'App\\Models\\User', 299),
(4, 'App\\Models\\User', 300),
(4, 'App\\Models\\User', 301),
(4, 'App\\Models\\User', 302),
(4, 'App\\Models\\User', 303),
(4, 'App\\Models\\User', 304),
(4, 'App\\Models\\User', 305),
(4, 'App\\Models\\User', 306),
(4, 'App\\Models\\User', 307),
(3, 'App\\Models\\User', 308),
(3, 'App\\Models\\User', 309),
(3, 'App\\Models\\User', 310),
(3, 'App\\Models\\User', 311),
(3, 'App\\Models\\User', 312),
(3, 'App\\Models\\User', 313),
(3, 'App\\Models\\User', 314),
(3, 'App\\Models\\User', 315),
(3, 'App\\Models\\User', 316),
(3, 'App\\Models\\User', 317),
(3, 'App\\Models\\User', 318),
(3, 'App\\Models\\User', 319),
(3, 'App\\Models\\User', 320),
(3, 'App\\Models\\User', 321),
(3, 'App\\Models\\User', 322),
(3, 'App\\Models\\User', 323),
(3, 'App\\Models\\User', 324),
(3, 'App\\Models\\User', 325),
(3, 'App\\Models\\User', 326),
(3, 'App\\Models\\User', 327),
(3, 'App\\Models\\User', 328),
(3, 'App\\Models\\User', 329),
(3, 'App\\Models\\User', 330),
(3, 'App\\Models\\User', 331),
(3, 'App\\Models\\User', 332),
(2, 'App\\Models\\User', 333),
(2, 'App\\Models\\User', 334),
(2, 'App\\Models\\User', 335),
(2, 'App\\Models\\User', 336),
(2, 'App\\Models\\User', 337),
(2, 'App\\Models\\User', 338),
(2, 'App\\Models\\User', 339),
(2, 'App\\Models\\User', 340),
(2, 'App\\Models\\User', 341),
(2, 'App\\Models\\User', 342),
(2, 'App\\Models\\User', 343),
(2, 'App\\Models\\User', 344),
(2, 'App\\Models\\User', 345),
(2, 'App\\Models\\User', 346),
(2, 'App\\Models\\User', 347);

--
-- Dumping data for table `permissions`
--

INSERT INTO `permissions` (`id`, `name`, `guard_name`, `created_at`, `updated_at`, `permission_group_id`) VALUES
(1, 'Profil', 'web', '2025-11-19 04:22:45', '2025-11-19 04:22:45', 1),
(2, 'Profil Ubah', 'web', '2025-11-19 04:22:45', '2025-11-19 04:22:45', 1),
(3, 'Profil Perbarui Email', 'web', '2025-11-19 04:22:45', '2025-11-19 04:22:45', 1),
(4, 'Profil Perbarui Password', 'web', '2025-11-19 04:22:45', '2025-11-19 04:22:45', 1),
(5, 'Profil Hapus Akun', 'web', '2025-11-19 04:22:45', '2025-11-19 04:22:45', 1),
(6, 'Log Aktivitas Ekspor', 'web', '2025-11-19 04:22:45', '2025-11-19 04:22:45', 3),
(7, 'Log Request Ekspor', 'web', '2025-11-19 04:22:45', '2025-11-19 04:22:45', 4),
(8, 'Role', 'web', '2025-11-19 04:22:45', '2025-11-19 04:22:45', 5),
(9, 'Role Tambah', 'web', '2025-11-19 04:22:45', '2025-11-19 04:22:45', 5),
(10, 'Role Impor Excel', 'web', '2025-11-19 04:22:45', '2025-11-19 04:22:45', 5),
(11, 'Role Ubah', 'web', '2025-11-19 04:22:45', '2025-11-19 04:22:45', 5),
(12, 'Role Detail', 'web', '2025-11-19 04:22:45', '2025-11-19 04:22:45', 5),
(13, 'Role Hapus', 'web', '2025-11-19 04:22:45', '2025-11-19 04:22:45', 5),
(14, 'Role Ekspor', 'web', '2025-11-19 04:22:45', '2025-11-19 04:22:45', 5),
(15, 'Permission', 'web', '2025-11-19 04:22:45', '2025-11-19 04:22:45', 6),
(16, 'Permission Tambah', 'web', '2025-11-19 04:22:45', '2025-11-19 04:22:45', 6),
(17, 'Permission Impor Excel', 'web', '2025-11-19 04:22:45', '2025-11-19 04:22:45', 6),
(18, 'Permission Ubah', 'web', '2025-11-19 04:22:45', '2025-11-19 04:22:45', 6),
(19, 'Permission Detail', 'web', '2025-11-19 04:22:45', '2025-11-19 04:22:45', 6),
(20, 'Permission Hapus', 'web', '2025-11-19 04:22:45', '2025-11-19 04:22:45', 6),
(21, 'Permission Ekspor', 'web', '2025-11-19 04:22:45', '2025-11-19 04:22:45', 6),
(22, 'Group Permission', 'web', '2025-11-19 04:22:45', '2025-11-19 04:22:45', 7),
(23, 'Group Permission Tambah', 'web', '2025-11-19 04:22:45', '2025-11-19 04:22:45', 7),
(24, 'Group Permission Impor Excel', 'web', '2025-11-19 04:22:45', '2025-11-19 04:22:45', 7),
(25, 'Group Permission Ubah', 'web', '2025-11-19 04:22:45', '2025-11-19 04:22:45', 7),
(26, 'Group Permission Detail', 'web', '2025-11-19 04:22:45', '2025-11-19 04:22:45', 7),
(27, 'Group Permission Hapus', 'web', '2025-11-19 04:22:45', '2025-11-19 04:22:45', 7),
(28, 'Group Permission Ekspor', 'web', '2025-11-19 04:22:45', '2025-11-19 04:22:45', 7),
(29, 'Pengguna', 'web', '2025-11-19 04:22:45', '2025-11-19 04:22:45', 8),
(30, 'Pengguna Tambah', 'web', '2025-11-19 04:22:45', '2025-11-19 04:22:45', 8),
(31, 'Pengguna Impor Excel', 'web', '2025-11-19 04:22:45', '2025-11-19 04:22:45', 8),
(32, 'Pengguna Ubah', 'web', '2025-11-19 04:22:45', '2025-11-19 04:22:45', 8),
(33, 'Pengguna Detail', 'web', '2025-11-19 04:22:45', '2025-11-19 04:22:45', 8),
(34, 'Pengguna Hapus', 'web', '2025-11-19 04:22:45', '2025-11-19 04:22:45', 8),
(35, 'Pengguna Ekspor', 'web', '2025-11-19 04:22:45', '2025-11-19 04:22:45', 8),
(36, 'Pengguna Force Login', 'web', '2025-11-19 04:22:45', '2025-11-19 04:22:45', 8),
(37, 'Pengguna Blokir', 'web', '2025-11-19 04:22:45', '2025-11-19 04:22:45', 8),
(38, 'Pengaturan', 'web', '2025-11-19 04:22:45', '2025-11-19 04:22:45', 9),
(39, 'Reset Sistem', 'web', '2025-11-19 04:22:45', '2025-11-19 04:22:45', 9),
(40, 'Menu', 'web', '2025-11-19 04:22:45', '2025-11-19 04:22:45', 14),
(41, 'Menu Tambah', 'web', '2025-11-19 04:22:45', '2025-11-19 04:22:45', 14),
(42, 'Menu Ubah', 'web', '2025-11-19 04:22:45', '2025-11-19 04:22:45', 14),
(43, 'Menu Detail', 'web', '2025-11-19 04:22:45', '2025-11-19 04:22:45', 14),
(44, 'Menu Hapus', 'web', '2025-11-19 04:22:46', '2025-11-19 04:22:46', 14),
(45, 'Menu Ekspor', 'web', '2025-11-19 04:22:46', '2025-11-19 04:22:46', 14),
(46, 'Menu Impor Excel', 'web', '2025-11-19 04:22:46', '2025-11-19 04:22:46', 14),
(47, 'Grup Menu', 'web', '2025-11-19 04:22:46', '2025-11-19 04:22:46', 15),
(48, 'Grup Menu Tambah', 'web', '2025-11-19 04:22:46', '2025-11-19 04:22:46', 15),
(49, 'Grup Menu Ubah', 'web', '2025-11-19 04:22:46', '2025-11-19 04:22:46', 15),
(50, 'Grup Menu Detail', 'web', '2025-11-19 04:22:46', '2025-11-19 04:22:46', 15),
(51, 'Grup Menu Hapus', 'web', '2025-11-19 04:22:46', '2025-11-19 04:22:46', 15),
(52, 'Level Kelas', 'web', '2025-11-19 04:22:46', '2025-11-19 04:22:46', 16),
(53, 'Level Kelas Tambah', 'web', '2025-11-19 04:22:46', '2025-11-19 04:22:46', 16),
(54, 'Level Kelas Impor Excel', 'web', '2025-11-19 04:22:46', '2025-11-19 04:22:46', 16),
(55, 'Level Kelas Ubah', 'web', '2025-11-19 04:22:46', '2025-11-19 04:22:46', 16),
(56, 'Level Kelas Duplikat', 'web', '2025-11-19 04:22:46', '2025-11-19 04:22:46', 16),
(57, 'Level Kelas Detail', 'web', '2025-11-19 04:22:46', '2025-11-19 04:22:46', 16),
(58, 'Level Kelas Hapus', 'web', '2025-11-19 04:22:46', '2025-11-19 04:22:46', 16),
(59, 'Level Kelas Terhapus', 'web', '2025-11-19 04:22:46', '2025-11-19 04:22:46', 16),
(60, 'Level Kelas Filter Data', 'web', '2025-11-19 04:22:46', '2025-11-19 04:22:46', 16),
(61, 'Level Kelas Ekspor', 'web', '2025-11-19 04:22:46', '2025-11-19 04:22:46', 16),
(62, 'Contoh CRUD Terhapus', 'web', '2025-11-19 04:22:46', '2025-11-19 04:22:46', 17),
(63, 'Jenjang Pendidikan', 'web', '2025-11-19 04:22:46', '2025-11-19 04:22:46', 18),
(64, 'Jenjang Pendidikan Tambah', 'web', '2025-11-19 04:22:46', '2025-11-19 04:22:46', 18),
(65, 'Jenjang Pendidikan Impor Excel', 'web', '2025-11-19 04:22:46', '2025-11-19 04:22:46', 18),
(66, 'Jenjang Pendidikan Ubah', 'web', '2025-11-19 04:22:46', '2025-11-19 04:22:46', 18),
(67, 'Jenjang Pendidikan Duplikat', 'web', '2025-11-19 04:22:46', '2025-11-19 04:22:46', 18),
(68, 'Jenjang Pendidikan Detail', 'web', '2025-11-19 04:22:46', '2025-11-19 04:22:46', 18),
(69, 'Jenjang Pendidikan Hapus', 'web', '2025-11-19 04:22:46', '2025-11-19 04:22:46', 18),
(70, 'Jenjang Pendidikan Terhapus', 'web', '2025-11-19 04:22:46', '2025-11-19 04:22:46', 18),
(71, 'Jenjang Pendidikan Filter Data', 'web', '2025-11-19 04:22:46', '2025-11-19 04:22:46', 18),
(72, 'Jenjang Pendidikan Ekspor', 'web', '2025-11-19 04:22:46', '2025-11-19 04:22:46', 18),
(73, 'Agama', 'web', '2025-11-19 04:22:46', '2025-11-19 04:22:46', 19),
(74, 'Agama Tambah', 'web', '2025-11-19 04:22:46', '2025-11-19 04:22:46', 19),
(75, 'Agama Impor Excel', 'web', '2025-11-19 04:22:46', '2025-11-19 04:22:46', 19),
(76, 'Agama Ubah', 'web', '2025-11-19 04:22:46', '2025-11-19 04:22:46', 19),
(77, 'Agama Duplikat', 'web', '2025-11-19 04:22:46', '2025-11-19 04:22:46', 19),
(78, 'Agama Detail', 'web', '2025-11-19 04:22:46', '2025-11-19 04:22:46', 19),
(79, 'Agama Hapus', 'web', '2025-11-19 04:22:46', '2025-11-19 04:22:46', 19),
(80, 'Agama Terhapus', 'web', '2025-11-19 04:22:46', '2025-11-19 04:22:46', 19),
(81, 'Agama Filter Data', 'web', '2025-11-19 04:22:46', '2025-11-19 04:22:46', 19),
(82, 'Agama Ekspor', 'web', '2025-11-19 04:22:47', '2025-11-19 04:22:47', 19),
(83, 'Kelas', 'web', '2025-11-19 04:22:47', '2025-11-19 04:22:47', 20),
(84, 'Kelas Tambah', 'web', '2025-11-19 04:22:47', '2025-11-19 04:22:47', 20),
(85, 'Kelas Impor Excel', 'web', '2025-11-19 04:22:47', '2025-11-19 04:22:47', 20),
(86, 'Kelas Ubah', 'web', '2025-11-19 04:22:47', '2025-11-19 04:22:47', 20),
(87, 'Kelas Duplikat', 'web', '2025-11-19 04:22:47', '2025-11-19 04:22:47', 20),
(88, 'Kelas Detail', 'web', '2025-11-19 04:22:47', '2025-11-19 04:22:47', 20),
(89, 'Kelas Hapus', 'web', '2025-11-19 04:22:47', '2025-11-19 04:22:47', 20),
(90, 'Kelas Terhapus', 'web', '2025-11-19 04:22:47', '2025-11-19 04:22:47', 20),
(91, 'Kelas Filter Data', 'web', '2025-11-19 04:22:47', '2025-11-19 04:22:47', 20),
(92, 'Kelas Ekspor', 'web', '2025-11-19 04:22:47', '2025-11-19 04:22:47', 20),
(93, 'Tahun Pelajaran', 'web', '2025-11-19 04:22:47', '2025-11-19 04:22:47', 21),
(94, 'Tahun Pelajaran Tambah', 'web', '2025-11-19 04:22:47', '2025-11-19 04:22:47', 21),
(95, 'Tahun Pelajaran Impor Excel', 'web', '2025-11-19 04:22:47', '2025-11-19 04:22:47', 21),
(96, 'Tahun Pelajaran Ubah', 'web', '2025-11-19 04:22:47', '2025-11-19 04:22:47', 21),
(97, 'Tahun Pelajaran Duplikat', 'web', '2025-11-19 04:22:47', '2025-11-19 04:22:47', 21),
(98, 'Tahun Pelajaran Detail', 'web', '2025-11-19 04:22:47', '2025-11-19 04:22:47', 21),
(99, 'Tahun Pelajaran Hapus', 'web', '2025-11-19 04:22:47', '2025-11-19 04:22:47', 21),
(100, 'Tahun Pelajaran Terhapus', 'web', '2025-11-19 04:22:47', '2025-11-19 04:22:47', 21),
(101, 'Tahun Pelajaran Filter Data', 'web', '2025-11-19 04:22:47', '2025-11-19 04:22:47', 21),
(102, 'Tahun Pelajaran Ekspor', 'web', '2025-11-19 04:22:47', '2025-11-19 04:22:47', 21),
(103, 'Semester', 'web', '2025-11-19 04:22:47', '2025-11-19 04:22:47', 22),
(104, 'Semester Tambah', 'web', '2025-11-19 04:22:47', '2025-11-19 04:22:47', 22),
(105, 'Semester Impor Excel', 'web', '2025-11-19 04:22:47', '2025-11-19 04:22:47', 22),
(106, 'Semester Ubah', 'web', '2025-11-19 04:22:47', '2025-11-19 04:22:47', 22),
(107, 'Semester Duplikat', 'web', '2025-11-19 04:22:47', '2025-11-19 04:22:47', 22),
(108, 'Semester Detail', 'web', '2025-11-19 04:22:47', '2025-11-19 04:22:47', 22),
(109, 'Semester Hapus', 'web', '2025-11-19 04:22:47', '2025-11-19 04:22:47', 22),
(110, 'Semester Terhapus', 'web', '2025-11-19 04:22:47', '2025-11-19 04:22:47', 22),
(111, 'Semester Filter Data', 'web', '2025-11-19 04:22:47', '2025-11-19 04:22:47', 22),
(112, 'Semester Ekspor', 'web', '2025-11-19 04:22:47', '2025-11-19 04:22:47', 22),
(113, 'Pekerjaan', 'web', '2025-11-19 04:22:48', '2025-11-19 04:22:48', 23),
(114, 'Pekerjaan Tambah', 'web', '2025-11-19 04:22:48', '2025-11-19 04:22:48', 23),
(115, 'Pekerjaan Impor Excel', 'web', '2025-11-19 04:22:48', '2025-11-19 04:22:48', 23),
(116, 'Pekerjaan Ubah', 'web', '2025-11-19 04:22:48', '2025-11-19 04:22:48', 23),
(117, 'Pekerjaan Detail', 'web', '2025-11-19 04:22:48', '2025-11-19 04:22:48', 23),
(118, 'Pekerjaan Hapus', 'web', '2025-11-19 04:22:48', '2025-11-19 04:22:48', 23),
(119, 'Pekerjaan Ekspor', 'web', '2025-11-19 04:22:48', '2025-11-19 04:22:48', 23),
(120, 'Pekerjaan Yajra', 'web', '2025-11-19 04:22:48', '2025-11-19 04:22:48', 23),
(121, 'Pekerjaan Ajax Yajra', 'web', '2025-11-19 04:22:48', '2025-11-19 04:22:48', 23);

--
-- Dumping data for table `permission_groups`
--

INSERT INTO `permission_groups` (`id`, `group_name`, `created_at`, `updated_at`) VALUES
(1, 'Profil', '2025-11-19 04:22:45', '2025-11-19 04:22:45'),
(2, 'Stisla Example', '2025-11-19 04:22:45', '2025-11-19 04:22:45'),
(3, 'Log Aktivitas', '2025-11-19 04:22:45', '2025-11-19 04:22:45'),
(4, 'Log Request', '2025-11-19 04:22:45', '2025-11-19 04:22:45'),
(5, 'Role', '2025-11-19 04:22:45', '2025-11-19 04:22:45'),
(6, 'Permission', '2025-11-19 04:22:45', '2025-11-19 04:22:45'),
(7, 'Group Permission', '2025-11-19 04:22:45', '2025-11-19 04:22:45'),
(8, 'Pengguna', '2025-11-19 04:22:45', '2025-11-19 04:22:45'),
(9, 'Pengaturan', '2025-11-19 04:22:45', '2025-11-19 04:22:45'),
(10, 'Manajemen File', '2025-11-19 04:22:45', '2025-11-19 04:22:45'),
(11, 'Ubuntu', '2025-11-19 04:22:45', '2025-11-19 04:22:45'),
(12, 'Backup Database', '2025-11-19 04:22:45', '2025-11-19 04:22:45'),
(13, 'Laravel Log Viewer', '2025-11-19 04:22:45', '2025-11-19 04:22:45'),
(14, 'Menu', '2025-11-19 04:22:45', '2025-11-19 04:22:45'),
(15, 'Grup Menu', '2025-11-19 04:22:46', '2025-11-19 04:22:46'),
(16, 'Level Kelas', '2025-11-19 04:22:46', '2025-11-19 04:22:46'),
(17, 'Contoh CRUD', '2025-11-19 04:22:46', '2025-11-19 04:22:46'),
(18, 'Jenjang Pendidikan', '2025-11-19 04:22:46', '2025-11-19 04:22:46'),
(19, 'Agama', '2025-11-19 04:22:46', '2025-11-19 04:22:46'),
(20, 'Kelas', '2025-11-19 04:22:47', '2025-11-19 04:22:47'),
(21, 'Tahun Pelajaran', '2025-11-19 04:22:47', '2025-11-19 04:22:47'),
(22, 'Semester', '2025-11-19 04:22:47', '2025-11-19 04:22:47'),
(23, 'Pekerjaan', '2025-11-19 04:22:47', '2025-11-19 04:22:47');

--
-- Dumping data for table `roles`
--

INSERT INTO `roles` (`id`, `name`, `is_locked`, `guard_name`, `created_by_id`, `last_updated_by_id`, `created_at`, `updated_at`) VALUES
(1, 'superadmin', 1, 'web', NULL, NULL, NULL, NULL),
(2, 'kepala sekolah', 0, 'web', NULL, NULL, NULL, NULL),
(3, 'guru', 0, 'web', NULL, NULL, NULL, NULL),
(4, 'siswa', 0, 'web', NULL, NULL, NULL, NULL);

--
-- Dumping data for table `role_has_permissions`
--

INSERT INTO `role_has_permissions` (`permission_id`, `role_id`) VALUES
(1, 1),
(2, 1),
(3, 1),
(4, 1),
(5, 1),
(6, 1),
(7, 1),
(8, 1),
(9, 1),
(10, 1),
(11, 1),
(12, 1),
(13, 1),
(14, 1),
(15, 1),
(16, 1),
(17, 1),
(18, 1),
(19, 1),
(20, 1),
(21, 1),
(22, 1),
(23, 1),
(24, 1),
(25, 1),
(26, 1),
(27, 1),
(28, 1),
(29, 1),
(30, 1),
(31, 1),
(32, 1),
(33, 1),
(34, 1),
(35, 1),
(36, 1),
(37, 1),
(38, 1),
(39, 1),
(40, 1),
(41, 1),
(42, 1),
(43, 1),
(44, 1),
(45, 1),
(46, 1),
(47, 1),
(48, 1),
(49, 1),
(50, 1),
(51, 1),
(52, 1),
(53, 1),
(54, 1),
(55, 1),
(56, 1),
(57, 1),
(58, 1),
(59, 1),
(60, 1),
(61, 1),
(62, 1),
(63, 1),
(64, 1),
(65, 1),
(66, 1),
(67, 1),
(68, 1),
(69, 1),
(70, 1),
(71, 1),
(72, 1),
(73, 1),
(74, 1),
(75, 1),
(76, 1),
(77, 1),
(78, 1),
(79, 1),
(80, 1),
(81, 1),
(82, 1),
(83, 1),
(84, 1),
(85, 1),
(86, 1),
(87, 1),
(88, 1),
(89, 1),
(90, 1),
(91, 1),
(92, 1),
(93, 1),
(94, 1),
(95, 1),
(96, 1),
(97, 1),
(98, 1),
(99, 1),
(100, 1),
(101, 1),
(102, 1),
(103, 1),
(104, 1),
(105, 1),
(106, 1),
(107, 1),
(108, 1),
(109, 1),
(110, 1),
(111, 1),
(112, 1),
(113, 1),
(114, 1),
(115, 1),
(116, 1),
(117, 1),
(118, 1),
(119, 1),
(120, 1),
(121, 1),
(1, 2),
(2, 2),
(3, 2),
(4, 2),
(5, 2),
(29, 2),
(30, 2),
(31, 2),
(32, 2),
(33, 2),
(34, 2),
(35, 2),
(1, 3),
(2, 3),
(3, 3),
(4, 3),
(5, 3),
(29, 3),
(32, 3),
(33, 3);
COMMIT;

/*!40101 SET CHARACTER_SET_CLIENT=@OLD_CHARACTER_SET_CLIENT */;
/*!40101 SET CHARACTER_SET_RESULTS=@OLD_CHARACTER_SET_RESULTS */;
/*!40101 SET COLLATION_CONNECTION=@OLD_COLLATION_CONNECTION */;
